ticker_b3,modelo,n_obs,media_z,sd_z,assimetria,curtose,lb_z_stat,lb_z_pvalor,lb_z2_stat,lb_z2_pvalor,jb_stat,jb_pvalor
AALR3,m1,156,-0.007644719734235266,0.9931196879127443,-1.3867265629484034,8.582671130884027,9.433614818933666,0.49150458564768296,3.2222551474852894,0.9756991168314724,252.57868478149243,0
AALR3,m2,156,-0.019021221067944242,0.9994200765786566,-0.7550225266318521,6.604436006406749,8.083911063820407,0.6206408145581638,3.9715036002556254,0.9486233473955863,99.26926741658949,0
AALR3,m3,156,5.825427810713463e-5,0.9871406547521333,-1.5173790508527882,9.613982179791117,9.96901246672162,0.44321613464208265,4.758051974052321,0.9067432919988946,344.2043605680036,0
AALR3,m4,156,5.179470525633563e-5,0.9871799861468645,-1.517951560053292,9.616421675494415,9.970642921810166,0.44307265917317384,4.757647869537296,0.906768273668171,344.459333027064,0
ABCB4,m1,156,-0.0010808118212851674,1.0036589841837156,0.5866979234973988,3.4702786052684402,5.626285752982721,0.8456234581397828,3.495840469321342,0.9672394257032494,10.38712857206614,0.005552181940602918
ABCB4,m2,156,-0.017362431295141017,1.0065860488785339,0.4729487708725734,2.8864422974332173,6.139229922830799,0.8034331947794977,4.174056303735426,0.9391535380289651,5.8995138233964255,0.05235243066521966
ABCB4,m3,156,2.0574377221019413e-4,1.038725529962901,0.5660870753400684,3.423666018468605,5.590289271761629,0.8484314369947911,3.730501323988998,0.9586866859014626,9.498522817376642,0.008658087630433964
ABCB4,m4,156,2.0403454701521036e-4,1.0386244053253733,0.5661646781169315,3.423877005808999,5.5913138036160515,0.8483518149329736,3.7309539088674244,0.9586690094217624,9.50196966577687,0.008643178923388395
ABEV3,m1,156,0.012895829932860932,1.0027110395397927,0.514612044434968,4.520764631559582,9.17906680323223,0.5151981117244179,7.585756808811268,0.6692274823865756,21.91817738313258,1.739915890741628e-5
ABEV3,m2,156,0.02671758835286757,1.0045992633359313,0.2912862727454548,3.6881251464237073,10.876979947555114,0.3671824502878114,8.67390022262778,0.563305782482253,5.283895421352646,0.07122241371919014
ABEV3,m3,156,0.0017741581891516484,0.9485153947802024,0.4300808312373303,4.936460192338208,9.090822778103922,0.5235064377260031,9.742693140049273,0.4633504126045489,29.183415053661054,4.6015266286225653e-7
ABEV3,m4,156,0.0018448767741288895,0.9479122925655327,0.4312811177577352,4.937225946055145,9.084668080293403,0.5240875917490498,9.772487315341307,0.46067552147129587,29.229576845343537,4.496535576103966e-7
AERI3,m1,156,0.01756579322778067,0.9884943556405901,0.7069175294986544,8.82434086277968,6.192041868753964,0.7988788340052986,2.714279366539718,0.9873718938102528,233.49219438931794,0
AERI3,m2,156,-0.0012121371534743334,0.9922077323296058,0.4912113985240729,6.238556214078165,6.529436083042111,0.7689960974835364,3.965746037957793,0.9488790067421428,74.44710587537729,1.1102230246251565e-16
AERI3,m3,156,-0.01803990243432624,0.9990744630773966,1.0537502400059024,9.02165786868709,5.845183577166593,0.8280981426647834,1.9141683048698612,0.9969566452824201,264.56249144501203,0
AERI3,m4,156,-0.018039748918042095,0.9990741025476699,1.0537672279897499,9.021699272057282,5.845213170218282,0.8280957229908156,1.914144732569162,0.9969568035153,264.56666344053383,0
AFLT3,m1,156,-0.026355834040514975,1.0031580918331036,0.23683897415543692,5.171547763106847,13.608970792847757,0.19158622042218665,5.21968677539093,0.8760277364517561,32.10993816010731,1.0651616488832616e-7
AFLT3,m2,156,-0.024313332564522335,1.0033093371954653,0.20639066045595647,5.37065672172304,15.54740220378583,0.11334233511496983,5.911905975622047,0.8226093949317892,37.63761112243866,6.7157819305663224e-9
AFLT3,m3,156,-3.523073785813579e-4,1.0360631725656069,0.01969171072001621,5.270038332795367,15.23844639148592,0.12360733802597945,4.243463881851852,0.9356962169739688,33.505063060590494,5.302345207347514e-8
AFLT3,m4,156,-3.479963469874999e-4,1.035065715818863,0.019989515223462838,5.270091332231654,15.236365751588238,0.1236790710572443,4.246783135687381,0.9355281727056644,33.50693436706694,5.297386362901335e-8
AGRO3,m1,156,-0.024993774437745316,1.0116568810366553,0.3744651916232451,3.205875076090403,12.979726236123708,0.22480755603418123,12.8955564260503,0.22957015529849922,3.921328228382266,0.14076490590053392
AGRO3,m2,156,-0.02508402515090574,1.0111596651192203,0.37682705568851343,3.2089239674724404,12.787571014878345,0.2357926961907023,12.763444301888685,0.23720030985628804,3.975684334569495,0.136990709779097
AGRO3,m3,156,3.7867602191048985e-4,1.04439605803298,0.16329183513731937,3.3075050368308654,14.334174487266537,0.1582872563364599,13.387278914910246,0.202817238247739,1.307905568881638,0.5199863153223103
AGRO3,m4,156,3.778767234374958e-4,1.044395939028207,0.16329182224118954,3.307505036622712,14.33417564620236,0.1582872071820579,13.387281410589893,0.20281710895144567,1.3079054585462362,0.5199863440087605
AHEB3,m1,156,-0.0021060720985959297,1.0005218333129702,-1.0722942066162622,11.133224196747786,15.009562083096263,0.13171362868003644,4.027731204865584,0.9460873063482154,459.86586942877705,0
AHEB3,m2,156,0.019593511703170783,0.9955557366989299,-0.974215799761776,10.589229207353977,19.348822357171134,0.03604936937587078,3.9006909976961377,0.9517157834232881,399.0531067885482,0
AHEB3,m3,156,3.363151283988223e-5,0.9789902936872956,-0.8141276719174217,9.551590932365112,17.91105004410059,0.05648276631629767,6.2690061813230455,0.7921788079821342,296.2346348635407,0
AHEB3,m4,156,9.394387826687257e-6,0.9789885820980586,-0.8141282457987038,9.551594294508046,17.911037144731466,0.056482989343129564,6.268956975680217,0.7921831147316257,296.2349455146866,0
ALOS3,m1,156,-0.04853747702652769,1.0056399123208537,-0.11394113282476136,2.5184060461819358,15.98589778027755,0.10003680490980915,8.993281115558007,0.5327413428945782,1.8451099117858902,0.39750214213120705
ALOS3,m2,156,325025445.3607801,2893125113.7750583,8.948201485897945,82.653263786774545,35.85180534863559,8.925711002805148e-5,27.78101559279531,0.0019568270362002593,43322.00386289356,0
ALOS3,m3,156,-5.762220500580283e-5,0.9877906891957686,-0.052572072880720085,2.8941680938037635,16.875881349555385,0.07715592372125968,4.683872624546602,0.9112711638872302,0.14466194442070784,0.9302229669045828
ALOS3,m4,156,-3.7612214587083276e-5,0.9866119393246294,-0.05238270041305139,2.892590467975443,16.916654281503707,0.07622867213253448,4.673179540052822,0.9119142199697162,0.14633187906992395,0.9294465852943614
ALPA3,m1,156,0.0066619946184706775,1.0164584911683106,0.45960825949876816,3.8301778403015563,5.375037791073029,0.8647596506782214,5.015214546871883,0.8901593561033648,9.97200265961709,0.006832932581683604
ALPA3,m2,156,-0.0010672252769411022,1.0282726817469656,0.4590159373534388,3.7147992980844236,4.470963772851631,0.9236107104592938,6.812222397325107,0.7430454261858322,8.799183636878741,0.012282352309746836
ALPA3,m3,156,0.0477640118426722,1.0147819991079705,0.29746807265019454,3.831274680958665,4.30333015865783,0.9326275076494713,9.334598300110878,0.5006705510624482,6.792282979220802,0.03350228982136838
ALPA3,m4,156,0.047766086997222824,1.0147777732501262,0.2974617606082199,3.831279544439244,4.303327462124589,0.9326276476748334,9.334503769030295,0.5006793335013556,6.7922379011479475,0.03350304493920875
ALPA4,m1,156,0.02108213348296268,1.0122254238768091,-0.1178695255713686,4.255623070327817,7.534580340166138,0.6741952581982196,5.33809911283277,0.86747922397811,10.609054267325364,0.004969047368208468
ALPA4,m2,156,0.15177204068061492,0.9993072771302726,0.026572892636102945,4.55443349747957,5.582166193729516,0.8490621037153625,2.2903419751059357,0.9935916933630796,15.72407182176199,3.850890657268735e-4
ALPA4,m3,156,0.01496984933949044,1.029054765588086,-0.12546719989414046,5.142462166007865,5.591151658780302,0.8483644172795606,3.2783046341669393,0.9740954543185673,30.245229337519422,2.7060255780586573e-7
ALPA4,m4,156,0.014968146113846956,1.029059751400333,-0.1254674030020242,5.142442233810344,5.59114034316853,0.8483652967438776,3.2783110358436787,0.9740952673984928,30.244675513510558,2.706775013017193e-7
ALPK3,m1,156,0.08313691092106336,1.2374043450317904,1.140082904615718,7.6014913667721435,16.30995432396395,0.09109673781143446,12.652718744473422,0.24374190859376066,171.423712954433,0
ALPK3,m2,156,0.014822617227441378,1.0798900852977562,1.8436075483757468,13.31865057158974,14.275207891658011,0.16080456449090508,3.6890369332663564,0.9602867479654477,780.4556811238292,0
ALPK3,m3,156,0.018545235093246102,1.1566238913137545,1.6919935530701338,11.758171321270058,17.73520673397234,0.05959801457162861,7.4285953262289866,0.6844573978223129,573.0200685770659,0
ALPK3,m4,156,0.018533870557423403,1.156616989131637,1.6920185028659387,11.758369633759186,17.735367582020974,0.059595095539995646,7.428623039910367,0.6844547195110058,573.0448431351651,0
ALUP11,m1,156,-5.186512346078523e-4,1.0010260612556796,0.07524094036496305,3.212571947890525,9.625431017126134,0.47394662605194804,8.701739500027008,0.5606241260637649,0.4409055914769225,0.8021555031261098
ALUP11,m2,156,-6.804496607972585e-4,1.0010450827670097,0.07742427153782751,3.213504836390881,9.63637229255698,0.4729533940061732,8.706682986718711,0.5601482494526131,0.45215551195717374,0.797656076725479
ALUP11,m3,156,-0.0021133025706997887,0.9703377835680951,0.07487715197196324,3.084037966377966,9.83851720396309,0.4547732613483282,6.909174571465572,0.7339907142850788,0.19167675372738033,0.9086108567383129
ALUP11,m4,156,-9.829376551570904e-4,0.9533224476472043,0.0830394371470664,3.0546804779711305,9.66148007633766,0.4706776417074934,7.045273075854566,0.7211640977812279,0.1987189565267247,0.9054171717229327
ALUP3,m1,156,0.005516232359058595,1.0083970767398243,0.07896397253370209,3.4208233995939814,10.762991570249191,0.37627890187198565,15.931591158800716,0.10160749895870347,1.3132182016138194,0.5186069000555488
ALUP3,m2,156,0.011078192120070836,1.0080734963258415,0.05413612814819751,3.4136171206570194,11.47270625853593,0.3218938726742582,13.220813605112548,0.21158662374631687,1.188213025896749,0.5520556001056479
ALUP3,m3,156,0.0025522554909990923,0.9822977926850781,0.006476791945682577,3.3420624531803522,12.202829160647047,0.2717112726832447,12.142958685787372,0.2756027693031232,0.7616343618740453,0.683302798979085
ALUP3,m4,156,0.0012010236185136158,0.9748361574645298,0.0071682784413321845,3.323103180522515,12.185492319810585,0.27283403559481334,11.708867842505573,0.305013327264961,0.6799078138255936,0.7118031312102809
ALUP4,m1,156,-0.005100954262054202,0.9990727095852253,0.02779202518530437,2.8190921958171806,7.085168648122379,0.7173807954263133,10.90982143581387,0.36458681717797237,0.23281193175403594,0.890113794111406
ALUP4,m2,156,377625409.831208,5251419597.126089,4.504114130220311,48.49192875988151,46.081736800211075,1.386154479310342e-6,38.21187843016441,3.485983935247461e-5,13979.314431461184,0
ALUP4,m3,156,0.006041729806054071,0.9872042273037257,-0.06364468451991608,2.91399067435912,6.8732590946664,0.7373534562235419,6.2815060790303345,0.7910838025421886,0.15340121919042368,0.9261670976445874
ALUP4,m4,156,0.006880400724138701,0.9781858765632425,-0.06030663686876304,2.785542487981134,7.791294371301058,0.649214643221644,6.204093497469548,0.7978345556739841,0.39350731070953626,0.8213929541471929
AMAR3,m1,156,-0.03988931155877635,1.077228745308491,0.5460839773431391,5.758978203554719,8.880900921869209,0.5434426741140522,5.4164721992913085,0.8616797760566305,57.23114519806861,3.735900477863652e-13
AMAR3,m2,156,-0.08162798001404016,1.0630252085277208,0.5739521601736116,4.820203899480024,8.29921307997882,0.599635519290109,8.127058776647019,0.6164274714048551,30.100372668301688,2.9092907316563554e-7
AMAR3,m3,156,0.034959144944358464,1.0636549208067059,0.4154083776288801,5.5856402891849335,8.296583070291122,0.5998917332756691,6.6878944061747925,0.7545444004520372,47.94264920817696,3.884959021149825e-11
AMAR3,m4,156,0.034959267424656826,1.0636550286139144,0.4154087796271074,5.585639420511366,8.296582598362287,0.5998917792517807,6.687887509601945,0.7545450345725073,47.94262869283863,3.884992327840564e-11
AMBP3,m1,156,0.15051901811873303,0.9882371783243582,1.339822280465008,8.051430316951347,9.305314998107967,0.5033939476355083,1.8981085382085132,0.9970630815999605,212.5333809295905,0
AMBP3,m2,156,0.11345910470585462,0.9925391273042224,0.8303352978375932,8.268901147903058,5.947604046927822,0.8196459376243849,2.3556799565899493,0.9928161033942623,198.37444986914323,0
AMBP3,m3,156,0.04383561268579545,1.06575672006305,1.157138567648689,9.93452548350115,7.114810824403812,0.7145634806732619,2.5145921718076774,0.9906613670990159,347.38289521186607,0
AMBP3,m4,156,0.04385265254844844,1.0656363321087692,1.157735815268047,9.933933032873924,7.115030563032649,0.7145425761606592,2.5123694997177384,0.9906942387192097,347.36543514528466,0
AMER3,m1,156,-0.027724188029623446,0.9810786926677284,-1.7457993100333433,17.731609566730643,10.410808132271397,0.4052203474274554,3.2525153399001328,0.9748414840670148,1489.8752787765702,0
AMER3,m2,156,0.0033318477598598063,0.982564015731588,-0.6566501162401565,11.517015650799848,10.196856160620449,0.4233956058396138,6.252727047602884,0.7936020461040765,482.71803512791564,0
AMER3,m3,156,-0.057619553722447016,1.0806104776034509,-1.4853392461882655,20.367720050678134,13.554550083852572,0.19429632801788033,3.617183936725095,0.9629688610538581,2018.0070980146727,0
AMER3,m4,156,-0.07366575740776199,0.9746631934667414,-0.9639606293830916,14.316116516660335,10.782354015688368,0.37472423778539254,4.165988421138848,0.93954839791178,856.5139270911302,0
ANIM3,m1,156,0.0045436273217918785,1.0255220114090369,-0.21460265003043727,3.46397890819446,5.0238001017517036,0.8895824843726651,3.128753402315482,0.9782294974178002,2.5967085095228435,0.27298068021040933
ANIM3,m2,156,0.0032712493461838446,1.021102327342249,-0.18133582924090466,3.30107228949503,5.660187387516681,0.8429593154114045,3.8226100857419727,0.9549947037105444,1.4441391598902151,0.48574592495322566
ANIM3,m3,156,-0.0012669697878784707,1.0565657888248785,-0.23767395697425972,3.4033987416063822,4.68349763086941,0.9112937563817399,5.341950612656975,0.8671968204669314,2.5264601961613424,0.28273927433814094
ANIM3,m4,156,-0.001275731648348331,1.0565722592019338,-0.2376703424109219,3.4033929790469317,4.683447388347278,0.9112967831486719,5.341678686876716,0.8672167677664818,2.526385304243189,0.282749861979668
AXIA3,m1,156,-0.015360379187681336,1.0216831584817883,-0.48686333144533245,7.132912407382257,12.591725006497446,0.24740280282375282,9.204373368846458,0.5128239953916803,117.18920577726955,0
AXIA3,m2,156,-0.14776842002954169,1.1151552300054284,0.22706488939352854,3.276337701284638,11.766224799439374,0.3010068919071782,9.5863199637988,0.4775045424457721,1.8368764773609885,0.39914191897465934
AXIA3,m3,156,8.675105269409537e-4,0.9404711412979084,-0.711724724346516,10.343110714444409,7.473262209621563,0.6801370879244316,3.6109907789731537,0.963194677958831,363.658641434223,0
AXIA3,m4,156,9.30606971080381e-4,0.9385228854526072,-0.7040337634137733,10.271830278943655,7.486033639323826,0.6789005204981787,3.621931962197186,0.96279516219742,356.60410347814206,0
AXIA6,m1,156,0.02598270315936867,1.0027116073669378,0.5379435673406181,3.818138497157422,17.23835699640116,0.069253344630122,8.118818082247055,0.6172320741159388,11.874744226173434,0.0026389554233761103
AXIA6,m2,156,121265530.21284857,1553948463.9904573,7.270381661470072,72.56644573756161,5.087265108714439,0.8852728483547145,0.6663480776695436,0.9999740533056725,32831.007108710626,0
AXIA6,m3,156,6.920767162373699e-5,1.021119560075186,0.7372511679382012,4.411199501080743,16.350455605463967,0.09003010086882912,8.267625830876481,0.6027135041017233,27.07666760731078,1.3193995599403152e-6
AXIA6,m4,156,7.259646248865007e-5,1.021027849937857,0.7371993613997622,4.4110125980170585,16.3508228742463,0.09002047886463271,8.267190135374316,0.6027559713872885,27.071252946112203,1.3229764505018338e-6
AZEV3,m1,156,0.024358000140469096,1.0017452228314478,0.4471411957286437,5.159947768254898,10.318002099991839,0.41305079804148614,2.442861650053693,0.9916824562356958,35.523249822189236,1.932966431361649e-8
AZEV3,m2,156,0.031025917953199082,1.0014558180897017,0.4159111967841756,5.279627209920533,10.850769372782588,0.36926211678892296,2.8420258674268455,0.984901013134612,38.27608661923703,4.880377324489871e-9
AZEV3,m3,156,0.042748230710284926,1.0015036734667684,0.5016478583095512,5.294944856610247,10.28602688042603,0.4157677781055109,2.8772262075581914,0.9841673953491445,40.77693223414242,1.3976604318344243e-9
AZEV3,m4,156,0.03516624601350864,1.0016031339091265,0.4617524644555034,5.4422197052373855,10.925204348700793,0.3633749239894195,2.929127946470015,0.9830430173823143,44.31243987542262,2.386030262258032e-10
AZEV4,m1,156,0.01010283161036641,1.0118348045781684,0.27036862135535733,3.7519775300378426,6.534612989420981,0.7685278352034413,6.590443505836344,0.7634607792132924,5.576135313685309,0.061540015523195324
AZEV4,m2,156,0.01456865327570096,1.0117338117195394,0.3384313561220362,3.651521199402671,8.277376549679282,0.601763179754301,8.618991843576573,0.5686033097503261,5.737049529233734,0.05678263257036176
AZEV4,m3,156,0.008318608523110213,1.0110027879964565,0.3432014664866738,3.5740040821625905,6.138791260796554,0.8034708732397211,7.851663937224838,0.6433235556349594,5.2040928727692535,0.07412173748065187
AZEV4,m4,156,-0.0027174389238113525,1.0111883880045471,0.35672871222290414,3.625255505506671,7.405788054385361,0.6866605614356565,8.904767607823526,0.5411647630071353,5.849778633811117,0.05367063201562172
AZZA3,m1,156,0.009692126095240543,0.998655512320953,-0.3809960359482839,3.520236718498745,11.123139585006657,0.34800515690243805,14.857372469570452,0.13734897050687467,5.533308045899184,0.06287202153169402
AZZA3,m2,156,0.01232707884724433,0.9986244259739256,-0.3695211348232176,3.4744180938764577,10.930894556530836,0.3629272707632134,14.593983019594146,0.14758049468537615,5.013164026789914,0.08154648824883348
AZZA3,m3,156,0.01842584128571964,0.9992310721200515,-0.36167079468524144,3.4548589743799654,11.019698612685142,0.3559853579688341,14.451434979305503,0.15337793052542004,4.7457783196655665,0.09321103529633035
AZZA3,m4,156,0.018437862311261263,0.9992287705755047,-0.36166466330620356,3.454864575516475,11.01971751220732,0.35598388947962567,14.451601147709173,0.15337106405058187,4.7456961291827175,0.09321486590503869
B3SA3,m1,156,0.009855694697536693,0.9969401659855602,0.5569469847665639,3.519596258433832,7.656972119479082,0.6623031397978785,4.645847725120541,0.9135467768258897,9.819810306414592,0.00737318762140271
B3SA3,m2,156,0.037392729515316775,1.013828005589939,0.42680301054469766,3.2438056637512895,5.969048522274937,0.8178569121419776,3.31836732546592,0.972908762393938,5.122548865962299,0.07720628348420355
B3SA3,m3,156,5.54825273160036e-4,0.9775125657493376,0.8731833879504015,4.404467816665331,8.92304408234952,0.5394222620454405,13.37320506801687,0.2035474097977078,32.64512396612251,8.150821839691957e-8
B3SA3,m4,156,6.041931902625285e-4,0.9770099819287356,0.8732973423857252,4.4041824804614285,8.914129511201223,0.5402719839697621,13.366535482041078,0.20389415942367184,32.6450893034935,8.150963104469611e-8
BALM4,m1,156,-0.03839956179528012,0.9880068718529471,0.7108417684464232,3.800118774110698,15.166233461966769,0.126117796206076,1.9697506903206612,0.9965667731523656,17.298931856417653,1.752204034475291e-4
BALM4,m2,156,-0.04243892472431401,0.9881712388520885,0.7163698071110254,3.8063755561411714,15.158747836508859,0.12638049379458216,1.9532026431600555,0.9966863908550945,17.56939820807037,1.5305716115321388e-4
BALM4,m3,156,0.0026103784990520965,0.9448625176260752,0.6362844360612753,4.18899491713713,13.017733744196416,0.22268199362242969,5.228998093877885,0.8753650244454472,19.71541290727572,5.2342261514959354e-5
BALM4,m4,156,0.0041177460457371305,0.9441231120978887,0.6434723287609597,4.2082376893181515,12.90711281590673,0.2289117242006249,5.036979335291334,0.8886941018784658,20.254421625185,3.997681837031308e-5
BAZA3,m1,156,0.0012673716741754735,1.0564110151840265,0.6992273044450967,5.677871441079673,11.27007437072333,0.33686753882654563,4.517570280010598,0.9209937248369482,59.32335986249626,1.312283615106935e-13
BAZA3,m2,156,-0.0068234910304766395,1.055779591324466,0.6897543097782106,5.743334064321962,11.742058650227492,0.30269045905444103,4.381928570034437,0.9284773008826335,61.288017829348156,4.9182879990894435e-14
BAZA3,m3,156,-0.007453695862784001,1.0529302518786872,0.7140402210925119,5.836898695522978,12.180339511215168,0.2731683854975051,4.65130685847378,0.9132219761340905,65.56815172707371,5.773159728050814e-15
BAZA3,m4,156,0.002297097362716984,1.031630328248755,0.6189771356896385,5.710491042555222,9.685461171807372,0.4685085933063282,13.683672929457694,0.18791529758004621,57.71540105368888,2.9320990080350384e-13
BBAS3,m1,156,0.025612921555408005,1.0297872912220924,0.06070188286490275,4.184002584018294,10.781375865182888,0.37480268324077937,6.799724318444649,0.7442072612013746,9.20790645641993,0.010012176985717214
BBAS3,m2,156,0.0028580848586041542,0.9875653583678216,-0.03789343806959678,5.9268316006725215,9.030612587908076,0.5292008165610343,5.0777592231050495,0.8859234144992814,55.71856465038637,7.959188863537747e-13
BBAS3,m3,156,0.0016338872678161955,1.0100190153918345,-0.3863257684397234,8.504087586995867,6.4639430083711185,0.7748961800291312,1.443148190396495,0.9991017182928361,200.79780865796678,0
BBAS3,m4,156,0.0016340624222827354,1.0100179749270897,-0.386325783948763,8.50408760899772,6.463945766187341,0.7748959325338869,1.44314976861551,0.9991017139609712,200.7978105438286,0
BBDC3,m1,156,0.058092015260771734,1.0037962951457773,-0.2229230836737372,4.170552690992365,8.506094782562906,0.5795274571462898,2.2735363888289357,0.993781274886523,10.198320647631324,0.0061018680082844945
BBDC3,m2,156,0.042194820561457735,0.9985254487061956,-0.14812614241681815,3.9307345797282243,5.869614958384257,0.826096036391103,2.0092215221338514,0.9962689879461583,6.201209782111674,0.045021960773893976
BBDC3,m3,156,2.857498508978624e-4,0.9848496303248839,0.2967312510640371,5.211206505566144,8.583371014684577,0.5720456294779922,5.4854637058306315,0.8564838927865239,34.070607685986,3.9963318432256756e-8
BBDC3,m4,156,3.1311801163697977e-4,0.9844557666800161,0.29700378684373746,5.211965012973473,8.586721939634733,0.5717216220870605,5.486550730774607,0.8564013588697499,34.09662240540932,3.944686732815228e-8
BBDC4,m1,156,0.01500641566423118,1.0121916623663365,-0.20418826301891604,4.268372711819102,9.076908027459611,0.5248206348232434,2.6484301666158885,0.9885317152486266,11.541014700189455,0.003118175106345933
BBDC4,m2,156,-0.01858832881960661,0.9838676521413484,-0.10472586635214266,3.1895143941943602,5.55063938905594,0.8514992790946758,3.321665907928508,0.9728095434196216,0.5186072706079379,0.77158870590077
BBDC4,m3,156,1.9123557131521076e-4,0.9941084912226061,0.04871995138366522,5.4974494749961655,8.076111321501767,0.621402568446544,4.630122073210202,0.9144788261388536,40.603864696264544,1.5239923767396135e-9
BBDC4,m4,156,2.069381192307509e-4,0.9938585163436623,0.04858309091446032,5.498457953465798,8.077724326719789,0.6212450335450279,4.6309418545349645,0.914430369520197,40.63626717883006,1.4995007457940801e-09
BBSE3,m1,156,-0.08121718595537364,1.145506657835663,-0.26122836933723553,3.453951151708806,16.03149822585779,0.09873427087999509,5.872493475050881,0.8258595595284686,3.1137124975067536,0.21079772623103832
BBSE3,m2,156,0.005711261821076844,1.0140390969773259,-0.7958087545548836,5.055216070934752,12.08227666825678,0.27958777937547385,3.1108227088295295,0.9786943165869131,43.921536057966186,2.9010793767270115e-10
BBSE3,m3,156,-4.4066746509201037e-4,1.037894114980533,-0.9166832126151461,6.053311953420323,10.619950023499273,0.38788323847314765,2.287818600474496,0.9936204142096593,82.44565117139734,0
BBSE3,m4,156,-4.381115836628275e-4,1.0378943137283934,-0.9166833730302424,6.053312196733642,10.619950694453742,0.38788318355335916,2.2878304760563997,0.9936202792544205,82.44566847583842,0
BDLL4,m1,156,-0.006640722864766068,1.0006998600154264,0.4953433911536697,7.534775510803344,11.778412624805469,0.3001602758304309,4.703700577579288,0.9100723084817633,140.0467200211313,0
BDLL4,m2,156,-0.006674560048263173,1.000713122735409,0.49540543151864086,7.534945830466448,11.778236665246038,0.30017248693719756,4.703133835703154,0.9101066915024217,140.05835903525508,0
BDLL4,m3,156,-3.093137062873645e-4,0.9822908714459392,1.2227921614967412,10.84241792623095,9.771944899872718,0.46072415472551786,2.637535233478403,0.9887163549996477,438.64861046850996,0
BDLL4,m4,156,-3.04824909112484e-4,0.982290394685426,1.2227888971756893,10.842405829844886,9.771951878421422,0.4607235290100071,2.6375342997169144,0.9887163707370886,438.64716966336226,0
BEEF3,m1,156,-0.002936799921751951,0.9926116396502259,-0.265160477675461,3.9176799810843685,10.73064792234322,0.3788844856140158,3.2638485092161478,0.9745153571712605,7.301949611887591,0.02596580481691546
BEEF3,m2,156,-0.006358510906225725,0.9948009592277023,-0.2877290307494742,3.906381445375961,11.460805932378266,0.3227608055566781,2.931193636729533,0.9829972038811123,7.492415482928635,0.023607100549435156
BEEF3,m3,156,3.963710810251593e-4,0.968055013865401,-0.4054081300789999,4.1697456180435335,9.043708007793246,0.5279606169685723,4.263512837911282,0.9346774424424211,13.167230821346232,0.0013828407091853734
BEEF3,m4,156,3.907214253179413e-4,0.9673938673771451,-0.4054255385907514,4.169451071416976,9.045109548741918,0.5278279395880804,4.267967350865116,0.9344498683246609,13.163119305730657,0.0013856864188128704
BEES3,m1,156,0.00602305047348676,0.9998776000381596,1.0822125173246013,4.657559239760175,12.41963296361793,0.2579529537163301,4.660801278760736,0.9126555674451945,48.30954936554848,3.233813217207171e-11
BEES3,m2,156,-0.9399480442527038,10.645172602712048,-12.20448815882335,151.32467250678675,0.3160590686009841,0.9999992798452878,0.07272335971301269,0.9999999994860931,146874.04289428648,0
BEES3,m3,156,0.051428733010347984,0.9981876983235074,1.135999607689859,4.857557598394715,12.044197612241325,0.28210941177459015,5.436174954605132,0.8602044882877833,55.981254329259926,6.979972155818359e-13
BEES3,m4,156,0.0514275857985671,0.998188218447646,1.1359979867850578,4.857553973899512,12.044215868588363,0.2821081989466143,5.436202073637391,0.8602024529445155,55.981071054146454,6.979972155818359e-13
BEES4,m1,156,0.03097998441921847,1.0026955098085868,0.6715652579330625,4.6650320172420345,11.503227367942785,0.3196775582917921,8.999760773899139,0.5321262799940616,29.746152807097225,3.4730016451600676e-7
BEES4,m2,156,-433317809.9605482,5453629846.442671,2.4578622152420104,48.865902902492444,4.45464523235797,0.9245157460288718,1.456887692616268,0.999063414056029,13830.995072292608,0
BEES4,m3,156,0.07721825378088408,0.9998624492658086,1.2926951125962667,6.436731057312632,9.981325218291051,0.44213321945857653,6.617926124980623,0.7609552921745091,120.21985934931891,0
BEES4,m4,156,0.07721769179554186,0.9998602772007575,1.2926976542731918,6.436745571392028,9.981340804241121,0.442131849500372,6.61793979967978,0.7609540436987012,120.22067865558634,0
BGIP3,m1,156,0.13345857281033086,0.9882745726884536,1.866339421519671,10.751838793855171,10.997940308840901,0.3576784942677753,2.8085789073357947,0.9855767154271963,481.15532420274525,0
BGIP3,m2,156,0.1339270400263498,0.988557547931772,1.8505576177777512,10.65301407402108,11.015508523377338,0.3563110209581968,2.8620289197867708,0.9844869731541896,469.7347096261677,0
BGIP3,m3,156,0.026757902019146178,0.9997102614268162,2.2050951664226717,11.69534326502322,13.784028161432918,0.1830726329916701,2.985279155598645,0.9817683714727332,617.8820262452963,0
BGIP3,m4,156,0.02675624926588408,0.9997100182368002,2.205098917247049,11.695366314379912,13.78397566822462,0.1830751395926835,2.9852756558492577,0.9817684528250171,617.88506182409,0
BGIP4,m1,156,-0.023239455656475935,0.9975117513329392,0.6303630184850857,5.2923797312255925,11.271092973054166,0.3367911459387988,2.267129661412967,0.9938525006883251,44.488827320784814,2.1846102704614623e-10
BGIP4,m2,156,-0.020082480652065783,0.9985406704544911,0.6760892837785849,5.0902524191344325,12.403467719863242,0.2589607930041833,3.3407201902497303,0.9722318837325308,40.28402335267897,1.7882798575286074e-9
BGIP4,m3,156,-3.7311157213525294e-4,1.0265759263152163,0.23621005888822227,5.002207733063138,15.597614715389588,0.11174513355825277,12.55701305801179,0.24950451484238734,27.50810773111535,1.0633844429452921e-6
BGIP4,m4,156,-3.816190009850605e-4,1.0262170670150612,0.23632057313681173,5.001960437174425,15.598283252246308,0.11172399951794876,12.550996239142016,0.24987016636883363,27.50302909355599,1.0660881463175897e-6
BHIA3,m1,156,0.057712469461067895,0.9975089037771943,-0.11711641405095484,8.766399545272815,7.445300546093437,0.6828424560915537,1.7692881237921405,0.997822085217069,216.49048676764036,0
BHIA3,m2,156,0.0717078702631873,0.9958125171098606,-0.164119588664839,8.30694908835816,7.299810829699023,0.6968701313505998,2.1853685801718274,0.9947118354084578,183.76442229573703,0
BHIA3,m3,156,0.038040231590923686,0.9994598296958013,-0.1252982835360298,9.21175435845006,7.148327007972132,0.7113717103181036,1.7094522101670855,0.9981210317358514,251.21649051948546,0
BHIA3,m4,156,3.8643368658034097e-4,0.979231050406134,0.54678308417975785,7.41623316170289,13.096688409638334,0.21831600599496093,21.990419179836003,0.015153483327301043,134.54351497018132,0
BIOM3,m1,156,-0.0015932599818841507,1.0123643958790942,2.0261836523559977,11.8580928664709,11.7446035931791,0.30251285613311896,22.017659594593535,0.015014888520805236,616.768685021589,0
BIOM3,m2,156,0.04625592955310395,0.97579989301568415,0.5908978812258064,3.985009907211038,10.792636850292906,0.3739001770415924,6.661786444295795,0.7569418591381774,15.384757319441185,4.5629151760340214e-4
BIOM3,m3,156,0.001345492366566638,1.0397597474772282,1.992825967966224,11.910514832537292,11.999750293594351,0.2850732125923938,23.39060874924643,0.009393071900279382,619.3375235792496,0
BIOM3,m4,156,0.0013390903273008908,1.0396139899860883,1.9930114314113034,11.91180412881468,11.999453594435249,0.2850930708892927,23.393126748931653,0.009384897149520954,619.5061021064691,0
BMEB3,m1,156,-0.041137270155121926,0.9913442446267283,0.7442851560880216,4.654660950213537,6.636623347764773,0.7592466117271259,9.562629176143789,0.4796653046224566,32.19933882394741,1.0185970500398156e-7
BMEB3,m2,156,0.0012666862145524138,0.8397056038092638,0.23978629367465934,4.364957769225489,11.691675043357659,0.30622138428761625,5.976519497646672,0.8172320996963744,13.60514725898863,0.0011109123886950956
BMEB3,m3,156,4.250039554071628e-5,0.9819595225946266,0.4223796389275707,5.180486610248807,9.646767140610837,0.47201062005019256,9.822829275362444,0.45617231287976534,35.542910617478405,1.9140576901222062e-8
BMEB3,m4,156,5.574788090951022e-5,0.9808048389152684,0.4233200948479325,5.17418693100689,9.640477075111585,0.4725810058755222,9.71402555245149,0.4659308982216419,35.385274741501185,2.071024418626166e-8
BMEB4,m1,156,0.0013198872955723546,1.000312626689432,0.4141375607869053,6.707392523045236,12.19272089854168,0.2723654938071426,18.917556857617715,0.04132241714540752,93.80019348017377,0
BMEB4,m2,156,-0.010985261978526785,0.9348376942269262,0.22404936459138722,3.921158729516111,9.447341020052086,0.49023929238822395,6.958790085190383,0.7293296121408293,6.820618194383198,0.033030989011876954
BMEB4,m3,156,0.04101728445777073,0.9862038838754799,1.0177551085238095,8.455159056257873,8.677026838563275,0.5630044603082954,3.9751273736961434,0.9484620536515518,220.36340412305398,0
BMEB4,m4,156,0.034440845628143965,0.9757992738666587,0.7617848909711343,6.601515547446672,7.39561428230742,0.6876426943897376,4.634437962895101,0.9142235551332871,99.39916427316012,0
BMGB4,m1,156,0.002203801371075355,1.0090260268151614,0.7420342311819441,4.390572798564517,11.814022163009973,0.29769616597436044,6.367245644971852,0.7835231546591302,26.88498740908937,1.452108812638464e-6
BMGB4,m2,156,0.009843459694326342,0.9986665518210444,0.3998205045634987,3.6539172425460698,9.045908736650734,0.5277522889843105,9.152109948721366,0.5177312948792832,6.935717773248543,0.03118372712849138
BMGB4,m3,156,0.10760810918587742,1.0081894141008034,1.2215697279284874,6.964659884742836,17.461324333872728,0.06475921789208827,12.10688712605852,0.27796665313366065,140.96847961595228,0
BMGB4,m4,156,0.11017376110291256,1.0036611630032035,1.2218492749992886,6.948142957306183,17.18097403467065,0.07045418017568394,11.705729043974376,0.30523363077780385,140.13672019484528,0
BMIN4,m1,156,-0.07827611211897736,1.010933593437691,2.446645442891609,15.78880167813243,18.193593982171468,0.051784481041502906,0.7272816081923601,0.9999608116305326,1218.7353363606978,0
BMIN4,m2,156,-0.08734282882775099,1.0103095903499881,2.46656021876986,15.972126877930373,18.31563449529182,0.04986708266932394,0.8063282262766018,0.9999364618818778,1251.9763944245722,0
BMIN4,m3,156,-0.09283271656862635,1.0101185758413709,2.7289189681398134,17.604997630301785,16.155339919936527,0.09527112602168775,0.5638520424019837,0.999988256163383,1580.1106796787878,0
BMIN4,m4,156,-9.323534593445507e-5,0.9270626607768692,0.9416372097094292,13.065545164541927,26.49651203232274,0.003126781400291989,29.046567524668,0.0012245967355296594,681.6024929887604,0
BMKS3,m1,156,0.1025480931359807,1.0116797179710892,0.47780466336313193,5.1003133238718155,8.172305514772267,0.6120106939410824,5.30367689350976,0.869991089002513,34.60928408443803,3.052737418407503e-8
BMKS3,m2,156,-0.009296393711962817,1.0112878268381598,0.6446514540539882,5.218391427453104,9.178914173158109,0.5152124423818696,7.442214659617195,0.6831408542762523,42.79315634264526,5.100164734983537e-10
BMKS3,m3,156,-4.942017247705291e-5,1.0061570453742241,0.9888315394184195,7.299136228120994,6.35325566241246,0.7847626408868918,3.8504429419308845,0.9538416260941596,145.5592031486896,0
BMKS3,m4,156,-3.258654895794076e-5,1.0061082048395564,0.9887703326273718,7.298798206561961,6.353276817177846,0.7847607683043109,3.850764166046425,0.9538282165438624,145.53716517259724,0
BNBR3,m1,156,-0.005508496258388067,0.9667109064856848,0.14073550934232193,3.3923266895115396,6.454887201846758,0.7757084387912271,9.165113799407647,0.5165087580812788,1.5154500768059584,0.4687315612819759
BNBR3,m2,156,657421789.2654341,5022577144.944502,8.337959529200596,76.05297984711036,0.4171504220534693,0.9999972341033482,0.24966319593577696,0.9999997723168201,36496.356916400306,0
BNBR3,m3,156,-3.6482696947912557e-4,0.9813573972140747,0.040737844778455934,4.727960035247563,4.525779713330614,0.9205278384450386,14.308876016322678,0.15936325266343565,19.45114711410994,5.973612826382091e-5
BNBR3,m4,156,-3.648593735631829e-4,0.9813574762314904,0.04073764503009502,4.727959048884486,4.525782896482187,0.9205276575155182,14.308865008226054,0.15936372216892492,19.451124533829123,5.973680269688586e-5
BOBR4,m1,156,-0.009971610627284555,1.001559827791974,0.7625801446736146,5.517407994241818,3.4679094632788017,0.9681767713951279,6.069718131972928,0.8093721942756417,56.31246996488323,5.914158052178209e-13
BOBR4,m2,156,-0.013584382618408162,1.0013488167915923,0.7653863336280484,5.575741887317035,3.5556323048028515,0.9651755605576824,6.0440049689663216,0.8115526792483362,58.3551229878361,2.1294077612310502e-13
BOBR4,m3,156,0.0013333012679770568,1.0167505209533017,0.5293021943911411,5.7826772967961375,3.7351445103371823,0.9585051208475843,6.952096857562664,0.7299594347612779,57.6155852353495,3.0830893393840597e-13
BOBR4,m4,156,0.0013463736233605096,1.0167937996441867,0.5291415965300161,5.782065794100455,3.7355173665155688,0.9584905199465759,6.951850143065156,0.7299826441668391,57.58904709621135,3.1241675912951905e-13
BPAC11,m1,156,-0.0877109639346829,1.0478297759524877,0.23479654456460444,2.7752855414970523,5.2592076885004975,0.8732036761489859,6.362290654247388,0.7839624130830302,1.761592671918211,0.41445273661637383
BPAC11,m2,156,3.9253935123573206e-5,1.0122152064853933,-0.089997630571406,2.7949553406603034,4.086787665955791,0.9433469049135256,6.35463290076475,0.78464071946361,0.4838704413244086,0.7851070346183695
BPAC11,m3,156,6.22893069562943e-4,1.0221557073970278,-0.058778548961081936,2.8386164387124544,4.305583604920876,0.932510434178428,5.85999727384242,0.826885255041566,0.2591181133172585,0.8784827066309618
BPAC11,m4,156,6.059226644891727e-4,1.0221498094163117,-0.058807930175254014,2.838596177287257,4.305389532680169,0.9325205212853839,5.860784165674043,0.8268207353283581,0.25925044984979495,0.8784245808763789
BPAC3,m1,156,0.012699123954995853,1.0035424875027326,0.33188342180821845,3.6574067478134498,5.015324768093386,0.8901519595535555,6.533194407718174,0.7686561760462917,5.673005355908697,0.05863035706081632
BPAC3,m2,156,-0.03519956203204269,1.0038002407686792,0.42699105742188315,3.5220634455368516,3.9340523513416943,0.950272952880902,8.403885818518539,0.5894492913252923,6.5119320086524635,0.03854356941903203
BPAC3,m3,156,8.928768050796216e-5,0.9983261741448873,0.35227634502790417,4.045202191531323,6.305461989889425,0.7889800122070042,4.036065273085486,0.9457053458092474,10.327473742603893,0.005720283732126963
BPAC3,m4,156,1.101855939258627e-4,0.9976285979823731,0.35152558283672086,4.042289614132596,6.3127047548557655,0.7883426179992095,4.041214795948099,0.9454685539257992,10.274215778342493,0.005874655322572697
BPAC5,m1,156,-0.0064755683635614476,1.00236810232109,0.14701654225270155,2.7447904591480574,7.361044568630214,0.6909768149576277,6.393383636718478,0.7812014303695078,0.9853178694165357,0.6109996242976048
BPAC5,m2,156,-0.03192646908104332,0.938598263752392,0.3065259947707704,2.692218178596316,8.784292875974097,0.5526901538609075,7.447026826045795,0.6826755137815088,3.0586555445381727,0.21668127753243815
BPAC5,m3,156,0.0011264989663649215,1.0259074612826262,0.11205225880935951,2.8347014970343443,8.244239972827486,0.6049933373257553,5.750477039349776,0.8357732494553642,0.5040517943487367,0.7772246098870701
BPAC5,m4,156,0.0011163582419836755,1.0257678691034429,0.11211195766427567,2.8347497631393366,8.24375516730004,0.605040608504955,5.748164380280648,0.835958930425888,0.5042960324205098,0.7771297017622057
BRAP3,m1,156,-0.011426471819645309,0.9954946098323062,0.2373232129173324,3.390967079164055,8.669496872251111,0.5637302097525321,6.386813241412905,0.781785773797363,2.45793916256001,0.29259391665061263
BRAP3,m2,156,0.02133118124880197,0.9956740469582909,0.14728758296796532,2.9680408419238087,7.970018051727628,0.6317656465726403,7.142825007747711,0.7118961145653376,0.5706734551122802,0.7517610730262945
BRAP3,m3,156,-7.184004310052035e-4,1.0200978954025977,0.23405997849060162,4.317971082333362,6.346358171332564,0.7853729205283158,7.694419516674287,0.6586575016591408,12.715196441941877,0.001733525260517621
BRAP3,m4,156,0.008151434142260099,1.006593281962976,0.281487206533444,4.153336520369643,6.809356482474027,0.7433119571876079,7.3697425476863625,0.6901383865589191,10.706314573411357,0.004733183366372518
BRAP4,m1,156,-0.008100534181767097,1.0045132521864584,0.09713289937479233,3.2267810490315325,8.227971016328164,0.6065798305265436,3.4871259826381165,0.9675337015396888,0.5795974909637671,0.7484141741569011
BRAP4,m2,156,0.005360324850136349,1.0147653521934477,0.024705471843767566,3.022701210018576,8.554241450110316,0.5748637567993444,3.6458108057874714,0.9619140205433353,0.0192191109006017,0.9904364687855455
BRAP4,m3,156,-3.890353034190051e-4,1.012082644956912,0.06619939516501537,3.326842558783562,7.915891265790156,0.6370523543254276,5.115839228358539,0.8833066292534753,0.808310736434779,0.6675403986497646
BRAP4,m4,156,-3.803954137721928e-4,1.0120801975654103,0.06619914937015785,3.3268418164564455,7.915895899330584,0.6370519018061616,5.115885094980252,0.883303460302515,0.8083067362102134,0.6675417338068506
BRAV3,m1,156,-0.0203936856272764,1.0015933086699715,-0.15807318140326881,3.6980084615076025,10.32961089586201,0.41206678870266344,9.54709340074911,0.48108454948697,3.8165681778380813,0.14833469749674277
BRAV3,m2,156,-0.02212622398564804,1.0021637769544434,-0.01994529789231118,3.3843086449619766,9.891990369784843,0.450019981107878,8.182863595251462,0.6109803460718243,0.9703485624596597,0.6155899016496641
BRAV3,m3,156,-9.87848072756023e-5,1.0081307103375905,-0.32609632191453114,4.280390275512874,9.515129142777862,0.48401019939180623,13.86986294591935,0.1790107522894363,13.420904264902413,0.0012181132515470816
BRAV3,m4,156,-2.0441632873515095e-5,1.0082688744807817,-0.32611865314870525,4.280517497347577,9.514551758611738,0.48406311555395143,13.868805819693263,0.17906033159144297,13.423400670806158,0.0012165937475128175
BRKM3,m1,156,0.031107887873921374,0.9998690034716426,0.5678645427425733,3.747933873684482,4.881374383334976,0.8989600468891136,7.863933733749469,0.6421257668209094,12.020356627640412,0.002453650621587866
BRKM3,m2,156,0.014730291488469263,1.0002237763775106,0.590546401195338,3.7268074213314564,4.94050345875323,0.8951168120140544,8.136567942606343,0.6154990826274283,12.50099003115002,0.0019294987678440956
BRKM3,m3,156,4.128134847532792e-4,1.0289408769458648,0.5492256382085396,4.241821760812127,6.376781518756216,0.7826770175515677,8.821854854616179,0.549089675884025,17.86665719987744,1.3191819004021443e-4
BRKM3,m4,156,3.963509656424227e-4,1.0286408651625842,0.5493725010342165,4.241838556412994,6.377699953846812,0.7825954686223675,8.824564158672885,0.5488302177522694,17.87112326846776,1.3162394085419749e-4
BRKM5,m1,156,-0.018373604098007146,1.0014960088604898,0.6444099360189388,4.307725855325733,3.193628995985537,0.9764929231530183,7.537652811059654,0.6738972212860558,21.912823239106487,1.744580011187047e-5
BRKM5,m2,156,-0.018969755618539294,1.0014613554733443,0.6362682879840688,4.304778605997321,3.1802302288794606,0.9768586535903856,7.751695030180746,0.6530763958888776,21.591677560992643,2.04845670841447e-5
BRKM5,m3,156,-1.41244856182977e-4,0.9711993780298155,0.6607869810919121,4.602035801798913,3.6920213801161768,0.9601728623231232,6.908008891660847,0.7341000078346754,28.034996910490314,8.171048170302342e-7
BRKM5,m4,156,-1.081497081275152e-4,0.9701874134259783,0.6602728305986898,4.597546119082958,3.701515311328956,0.9598092564945306,6.90806837443118,0.7340944310038768,27.923963898377636,8.637504428365972e-7
BRKM6,m1,156,0.009744905577421782,0.9963712805315069,0.0827572862499445,6.2069372560463805,7.48282776651572,0.6792109740724577,8.14005576467202,0.615158581594898,67.0269706465327,2.7755575615628914e-15
BRKM6,m2,156,-0.044278402028728965,1.0097834939320902,-0.0013103010465294659,5.224991781324589,8.498119340137634,0.5803006550868919,8.102271638667705,0.6188477744908516,32.17886941436252,1.0290756202735452e-7
BRKM6,m3,156,0.0011265134278231857,0.9316621321301359,0.1362399498887545,7.119291617785246,8.534735642885229,0.576752332998475,8.000128172444692,0.6288244148587426,110.77825673290053,0
BRKM6,m4,156,0.001227930247396317,0.9311956485864217,0.11905370410941185,7.106051352885657,8.61257371206187,0.5692232257675919,7.867141313663887,0.6418126184833746,109.95629352748838,0
BRSR3,m1,156,0.03570002019890969,1.1009906531303408,0.3260967254547982,3.038508985973903,17.08624638442533,0.0724772189800329,16.067462699515982,0.09771742037252162,2.7744550561656913,0.24976681707548332
BRSR3,m2,156,0.0016055426266534149,1.0827240928622528,0.33782676945570905,3.1084407916183228,16.539857159673303,0.08518628965837838,14.593963888415782,0.14758126034128494,3.043736214547156,0.2183036910809304
BRSR3,m3,156,2.002929124007017e-4,0.9985341500924857,0.25478986657847247,4.331535369683537,19.095664828724654,0.039064284077562905,11.999478255466148,0.2850914202706114,13.212276643556743,0.0013520432370875968
BRSR3,m4,156,2.4406917487041657e-4,0.998411809305538,0.2545966465626221,4.331723927660365,19.09520252337414,0.039069995773331145,12.0008128512071,0.2850021028707629,13.21298179023473,0.0013515666267139848
BRSR5,m1,156,-0.027009767920486517,1.0069268508280478,1.1258420820756052,7.621547869234325,8.612473820831756,0.5692328752073955,11.321245588191658,0.33304379228864056,171.78711083763886,0
BRSR5,m2,156,-0.026066972610818404,1.006486467639286,1.1312481883298289,7.706042749330945,8.463242209255318,0.5836839881829478,11.852653622850893,0.29503891714131014,177.22723338403486,0
BRSR5,m3,156,3.702824317986719e-5,0.9986344664818124,0.5951532649227333,8.75242636277144,10.1517810912859,0.4272795260645931,12.789154975464212,0.2357005058901087,224.29705151165393,0
BRSR5,m4,156,5.2423535174349765e-5,0.9972248394347893,0.5923173127141883,8.747510535019794,10.144586941167267,0.4279011409773379,12.786383591183919,0.23586182502392328,223.84203754852774,0
BRSR6,m1,156,6.825081099092854e-4,1.0005628709742331,-0.1366391381280045,3.649211749952709,22.094578266759456,0.01462996756436119,8.282145783398425,0.6012984170104535,3.2250199315757357,0.1993865321147511
BRSR6,m2,156,-0.0024473270607811458,0.9994415154004694,0.12331919983882467,3.1689712610386165,18.020459393225217,0.05461949976292835,3.7375810471612922,0.9584096508210911,0.5809816171414621,0.7478964035174365
BRSR6,m3,156,4.4007336480178397e-4,1.0214137282902036,-0.124055570703208,3.7041678674772505,21.603549522964453,0.01725669272133823,6.139759120175048,0.8033877365408733,3.6231749065034458,0.16339454960686128
BRSR6,m4,156,4.349253502761393e-4,1.0214133625661794,-0.12405571066538214,3.7041681531589505,21.603559729343846,0.01725663377469644,6.139809784190364,0.8033833842929029,3.6231784245673855,0.1633942621908776
BSLI3,m1,156,0.06795216854549249,0.9976884801785372,0.8884414109035712,9.262064211106773,6.372404870213575,0.7830654942722914,2.3361135684134915,0.9930548763001507,275.40994485197467,0
BSLI3,m2,156,0.046144073246103964,0.9990544039086234,0.9593305679571476,9.31932778207203,6.633910377777606,0.7594947463940551,2.467868549983829,0.9913357240865136,283.4985671162795,0
BSLI3,m3,156,-0.0015719476486760159,0.9425015641409418,0.8951451834791643,8.917952242086512,15.625780820859728,0.11085771268024702,8.846339656535804,0.5467460747347778,248.47743919466365,0
BSLI3,m4,156,-0.0016250684887121327,0.9412714695216869,0.8945096422842019,8.911859531716333,15.646486648813516,0.11020921874016554,8.809295790853943,0.5502928284118881,247.97937530146876,0
CAMB3,m1,156,0.015027510739724621,1.0779996280659103,0.6239957519685322,5.794446423815994,4.9166527657465595,0.8966756411835102,22.302313377819956,0.01363643701783157,60.88168846160106,6.017408793468348e-14
CAMB3,m2,156,0.025033267561456986,1.0837618851737993,0.5328291856134209,5.655734487204172,5.625462030085314,0.8456879547508379,21.59859194110675,0.017285347490817005,53.2255972994944,2.7682300896003653e-12
CAMB3,m3,156,0.053119267058370064,1.0674216875205005,0.5410814419631013,5.574135003180851,4.306066973942704,0.9324853069187043,21.424738562060647,0.018318985564076185,50.68210889266428,9.87465664792353e-12
CAMB3,m4,156,0.05311861359815364,1.0674220419435256,0.5410817016590138,5.574136452914984,4.306068629564658,0.9324852208445689,21.424729537655768,0.018319040695247923,50.68216471309284,9.874323581016142e-12
CAML3,m1,156,-0.15983565000711922,1.1152486511571174,-0.16107249922258934,3.625419992940809,7.99860618003841,0.6289730882602773,12.11799425951257,0.2772372219089525,3.217029189356618,0.2001847488289703
CAML3,m2,156,0.0022026552283632823,1.0161828764621372,-0.23479308652742195,3.566184322422793,12.152809427159045,0.27495974002558365,14.248967796077224,0.1619353076026656,3.516993095730733,0.17230371958067958
CAML3,m3,156,-7.966075927170046e-6,0.9905339420235281,-0.49616685048553116,4.836840775635509,10.002033094219124,0.44031493235357466,13.982167236388822,0.17380657067575567,28.3316163592812,7.04478390511909e-7
CAML3,m4,156,5.512068975280695e-6,0.9904720722264085,-0.49647708037809346,4.83645570315663,10.002579935874397,0.4402669669897905,13.98286345837828,0.17377469472805485,28.330428847627,7.048968028167124e-7
CASH3,m1,156,-0.04181655087300618,0.9786427663038274,-0.03451674636841113,6.532231184975352,4.222362245962722,0.9367587604385937,4.716100150617216,0.9093183449168207,81.12924798700685,0
CASH3,m2,156,-0.046585859676200714,0.9866104610751448,-0.012315195004462664,6.123333806745534,4.475126111481989,0.9233789283799548,3.8904497285927184,0.9521536728316642,63.41283470906501,1.6986412276764895e-14
CASH3,m3,156,3.577427493961437e-4,0.9635815688845762,-0.8808485313743726,12.623090044323515,6.426029606035236,0.7782909192246724,5.983841187113932,0.8166190051302467,622.0983505233629,0
CASH3,m4,156,3.551804234298484e-4,0.9635498028283342,-0.8808856349901395,12.62308868409082,6.426058236276849,0.7782883615762616,5.98319969674356,0.8166727517408742,622.0998798924309,0
CBEE3,m1,156,0.10243665805241572,1.0058404744620064,1.9459868311736603,13.768050549923695,14.572835595438566,0.14842886542637457,1.1293218451963962,0.9997002097553218,852.1394156217617,0
CBEE3,m2,156,0.08771224238394777,1.0124104837026728,1.7828927658517972,13.887819934019591,11.26768931331502,0.3370464569423792,1.163335842933645,0.9996570842160049,853.1864209293161,0
CBEE3,m3,156,8.929788904174315e-5,0.9604709035201653,3.3320066064771385,31.081715375303045,13.366408294144247,0.20390077639467474,2.4794389495175824,0.9911719681231425,5414.446768392744,0
CBEE3,m4,156,7.634912879796338e-5,0.9605075779126949,3.331942214974236,31.08094118192886,13.366451294021633,0.203898539300162,2.4795191495602724,0.9911708256575822,5414.152986831276,0
CEAB3,m1,156,0.03348022510836724,1.0666276745787642,0.15563246759504654,2.642826634682974,5.482213185342343,0.8567305704873388,5.253129848326102,0.8736398932263764,1.4589813730100862,0.48215449535646204
CEAB3,m2,156,0.0026326361758852185,1.0060261345779606,0.002407953799460994,2.906300760805507,5.027263703022023,0.8893493456541455,3.6617580179501776,0.9613185143650278,0.05721781254558373,0.9717964536532147
CEAB3,m3,156,0.0020886639608605657,1.033229451893121,-0.02915846039665164,2.9418787036793113,5.744812993971681,0.8362278604649835,5.288370760284609,0.8711009962827752,0.04406316418926315,0.9782093406633916
CEAB3,m4,156,0.002089701682207596,1.0332247689468366,-0.029161198133800564,2.9418841214359284,5.744822573484397,0.8362270920144804,5.2884681438481165,0.8710939483407119,0.044063222109848935,0.978209312334163
CEBR3,m1,156,0.06976647479914462,0.9983472088809798,0.71474007483311075,7.559416690873509,11.405587301780061,0.32680384106275495,10.951641874911608,0.3612979556556425,148.40601138548712,0
CEBR3,m2,156,0.0404687885830484,1.0022810790196501,0.6989561288845498,7.898453460924859,10.09209349163101,0.4324511257335675,7.387796901724465,0.6883970743180883,168.6685324302409,0
CEBR3,m3,156,7.407538279397143e-5,1.055532154585362,0.8990868533400665,9.291061959028232,11.747419571971706,0.30231642249920865,15.870833317251723,0.10339012708789241,278.27078013623134,0
CEBR3,m4,156,7.15977301372024e-5,1.0555321755343567,0.8990868674724531,9.291061853328825,11.74741944932731,0.302316431052567,15.870893984849076,0.10338833366146694,278.27077215245635,0
CEBR5,m1,156,0.027836882094962517,0.9823825677657386,1.0075504088852862,5.627275439786344,5.900877530754622,0.8235211647168569,4.03199434034007,0.9458921173386688,71.26084902484703,3.3306690738754696e-16
CEBR5,m2,156,0.028117461265934535,0.982341126834828,1.0044779929802305,5.624886625741212,5.896319981401749,0.8238974360249044,4.04679521699373,0.9452112727844909,71.01857068488944,3.3306690738754696e-16
CEBR5,m3,156,-2.554205596467729e-4,1.0518941449183616,1.466078854062411,7.86827694327072,7.332399477256521,0.6937357529183399,3.657677629783601,0.9614714233663662,209.93484994103142,0
CEBR5,m4,156,-2.5600093927937996e-4,1.0518940951295843,1.4660787432152111,7.868275620075294,7.33239853866691,0.693735843260125,3.6576786756597555,0.9614713842204667,209.93475774862142,0
CEBR6,m1,156,2.5744279623076256e-4,1.0026627173185394,0.9331090917136377,5.968865505341983,8.621598193228612,0.5683516077374478,4.467067124635899,0.923827352639303,79.9300625302667,0
CEBR6,m2,156,0.004283414544982921,1.004966544254581,0.9048595886782191,5.971275241035947,6.069188757096045,0.8094171759248925,3.018243417159447,0.980991467290363,78.67314038275165,0
CEBR6,m3,156,0.0011541694710514453,1.0704996030647203,1.0553365627698128,6.469401423879247,7.9664768427462755,0.6321115529933149,4.160827385740702,0.939800222955991,107.19596733878863,0
CEBR6,m4,156,0.001154760584219766,1.0704997338859708,1.0553366930014265,6.469401398730416,7.966475516844752,0.6321116825073321,4.1608265728392295,0.9398002625731399,107.19597335130658,0
CEDO3,m1,156,0.1310386508551361,0.913265161282598,0.09659375557523328,6.175917555695972,3.5727608008098417,0.9645698717751942,17.76720550269407,0.05901983965663549,65.80452927777561,5.10702591327572e-15
CEDO3,m2,156,0.1328545514099694,0.8581496444220871,0.2839423049786829,6.028224517992702,3.4709630581932336,0.9680751214003692,13.900039706144959,0.1776001312219958,61.70213830039065,3.9968028886505635e-14
CEDO3,m3,156,0.01741655352115571,1.0883035583409197,0.6610521438890608,12.346294531493543,5.148871436650763,0.8810138354597025,10.198346400876803,0.42326751850254074,579.1576779117181,0
CEDO3,m4,156,0.017416895418334858,1.0883033492065444,0.6610553926308907,12.34630005784252,5.148874252578306,0.8810136391031537,10.198369208610316,0.42326555831948776,579.1584610482615,0
CEDO4,m1,156,0.07968679349068915,1.001635849483073,0.15590138008487253,10.209789112307282,6.776907810834777,0.7463249947809625,2.8375409344117006,0.9849928219948321,338.5088200337617,0
CEDO4,m2,156,0.07797615041461213,1.00095323022235,0.19356113728255048,10.02145764282913,6.917589322072987,0.7332014538743024,2.6491187149979836,0.9885199776543778,321.4297520558027,0
CEDO4,m3,156,0.187690555604928,1.0187388143363887,-0.039107317131077846,10.17979332149351,5.4761433836505775,0.8571907068016899,4.025204062179281,0.9462028188673826,335.11107284444114,0
CEDO4,m4,156,0.19893890587500693,0.9896767342845999,-0.0245249141716029,9.87733034542454,6.439282501363929,0.7771060317815025,4.035816410315406,0.9457167741836451,307.45051067742514,0
CEEB3,m1,156,-0.01876505570246266,0.9990461860563533,0.8681400615213382,5.1054508808772665,6.920407090360576,0.7329370452921541,8.305800826315792,0.5989937984891129,48.40934850348967,3.076405796775816e-11
CEEB3,m2,156,35674216.88469479,2053050702.662935,5.853453376672884,91.71200338328488,1.623066220485567e-4,1,0.21194282096842015,0.9999998980332292,52044.662865048624,0
CEEB3,m3,156,0.034095440964680486,0.9990644272602864,0.7609280086860025,5.082643482475586,7.50115044075538,0.677436167617796,8.426416268430467,0.5872598719261024,43.24742248261127,4.0638858944674894e-10
CEEB3,m4,156,0.029690398089827135,0.9996989646223433,0.7235421700797952,5.056948873654682,8.247125659621835,0.6047119741938285,5.532189099644584,0.852917752234492,41.113096416368485,1.1814206279936457e-9
CGAS3,m1,156,-0.015955815042502697,1.0022641304860376,1.4059856010749072,8.501043831231748,7.791206295493482,0.649223234851023,2.93581247176681,0.9828944695909948,248.09632428654277,0
CGAS3,m2,156,0.02310654916374265,1.0049179032015163,0.6271863218112842,5.675403562836476,7.8125421261742645,0.6471416787861153,6.821897684058838,0.7421451304600892,56.75302719519408,4.745093207247919e-13
CGAS3,m3,156,1.6219525339468025e-4,0.9638220060895509,0.7285391009539042,10.252382470926928,10.320771202300186,0.41281596079534466,21.693171748630057,0.01674632173154844,355.68083454203975,0
CGAS3,m4,156,0.0050282190155739835,1.0038358364779087,1.6161300087619574,10.257314168362806,7.411536691615572,0.6861054345498703,2.537937146820337,0.99031127559389,410.2547394348208,0
CGAS5,m1,156,0.04859258948773382,0.9831946691966599,0.9196925718741851,7.129475737539043,18.691795142251685,0.044356550532237304,5.270093836877823,0.8724206311054584,132.8333992307779,0
CGAS5,m2,156,0.21585046146893527,0.6600978718548577,1.2810007017644203,5.70611443006532,19.480721010293543,0.03456491090930558,14.224335956141596,0.16300268433286114,90.26489225189476,0
CGAS5,m3,156,-0.02524452030832371,1.0671862452987593,1.747336880952652,10.855046555515498,15.367815193196952,0.11921628242154292,5.027712310063761,0.8893191319557602,480.4442570945247,0
CGAS5,m4,156,-0.0018669863184102753,0.9948102400885489,1.4714782641230535,8.765162448275786,14.8913007343737,0.13607537818695137,6.524532491924585,0.7694393861556836,272.3375926840118,0
CGRA3,m1,156,-7.977678628707088e-4,1.00243743815714,0.7528656964023881,6.20023744736101,8.975094951411936,0.5344687841834302,5.132859211440552,0.8821278998995249,81.30685385400199,0
CGRA3,m2,156,-0.01106600411137861,1.002500632613746,0.8397064472349165,5.349794422091335,8.183109810890258,0.610956319665861,7.650255306678818,0.6629567322443224,54.22274972532014,1.6814327707947996e-12
CGRA3,m3,156,0.002027754075317843,0.9625787394099322,0.48551561627249723,6.0131645017388164,9.177788553476045,0.5153181327715682,6.038877698133876,0.8119863947371442,65.14340279925912,7.105427357601002e-15
CGRA3,m4,156,0.0021390457433035567,0.961161927608166,0.480764143717818,6.003042214217128,9.169639703114363,0.5160834987765875,6.032230133723894,0.8125481742825118,64.62819472140856,9.2148511043888e-15
CGRA4,m1,156,0.006215987231639944,1.0027505223228166,0.4934770808732393,3.6793676500211006,11.101696839436773,0.34964999221543225,5.822737806260644,0.8299296053514392,9.331522988345268,0.009412078251169853
CGRA4,m2,156,0.009037437771358632,1.0023067242780515,0.3205066520405661,3.5231977237088286,13.045072536994606,0.2211626717759223,4.3439292541703365,0.9305009172250377,4.450120441670213,0.10806091092058323
CGRA4,m3,156,-2.8161437546028067e-4,1.0142376367733188,0.41760512985040027,3.880014664736231,12.412107702549319,0.2584217639069194,6.040406037448193,0.8118571503351011,9.568012922391947,0.008362428018684587
CGRA4,m4,156,-2.909691546859318e-4,1.0143019948351535,0.4178744005502412,3.8803089306592136,12.411063168189099,0.2584868861006796,6.04312620343914,0.8116270395522656,9.577229167605202,0.008323981576079609
CLSC4,m1,156,0.019782138522594927,0.9997822987169109,0.44066004048859225,2.7587392438533946,8.93942671668275,0.537861720602066,10.61543492206788,0.388252917002335,5.427056944335406,0.06630244715314104
CLSC4,m2,156,0.01976479702758159,0.9997803333609148,0.4413249204160579,2.7590263443200724,8.94796109476137,0.5370493020173994,10.600488713352268,0.38947811954838363,5.441403787642601,0.06582853356625706
CLSC4,m3,156,6.413036174012139e-4,0.9594679933933566,0.6881467299175469,3.506354212655487,7.491978618819197,0.6783247242618273,31.84140375631586,4.25544452480775e-4,13.97875879568226,9.216183125412281e-4
CLSC4,m4,156,7.011972014355133e-4,0.9590724908737586,0.687337751512575,3.505344169823706,7.485257742072273,0.6789756607685564,31.870043709002474,4.208995084348244e-4,13.943185545849689,9.381574434110806e-4
CMIG3,m1,156,-0.03392025791042415,1.0062775239295154,-0.04371782569824313,5.00813039967518,2.955127798742954,0.9824603988792372,3.6529260108477186,0.96164901997655,26.26151251902571,1.983284479645242e-6
CMIG3,m2,156,-0.05193765866041495,1.0210589883828562,-0.25625495169133383,5.203595877229454,4.360426943976105,0.9296262861391253,5.281297338774087,0.8716124502291145,33.27025774285174,5.962869786824143e-8
CMIG3,m3,156,5.7576106963481e-4,1.0889642823224732,-0.10933933579739046,4.90410727199247,3.4163013784187797,0.9698641570479102,14.817669579031257,0.1388520451172659,23.87739162032292,6.532663506586545e-6
CMIG3,m4,156,5.758449610367901e-4,1.0889642698735333,-0.1093393200108722,4.904107412160952,3.416301158636497,0.9698641641113412,14.817671011819616,0.13885199062632447,23.877395000212296,6.532652466750832e-6
CMIG4,m1,156,-0.03845932972120033,1.007657384418233,-0.6517634228282538,9.074728448977936,13.96101005957073,0.17477750070987952,1.8299460718071108,0.9974851236364957,250.9098017800992,0
CMIG4,m2,156,-0.02036952838539735,1.0113789862792253,-0.6204978831855913,8.239406638103643,15.031167663544274,0.13092966458973376,2.7621957715605188,0.9864797744564919,188.44444067511193,0
CMIG4,m3,156,0.002479957196930587,1.0836393543250051,-1.4052402109848843,13.447020603663377,12.504836549388886,0.2526886456296662,0.9199906132188996,0.9998827687929699,760.7537580216762,0
CMIG4,m4,156,0.0024786244996713733,1.0836393791098875,-1.4052401512076993,13.447020034975518,12.504836058522136,0.25268867572670284,0.919991534456985,0.999882768250505,760.7536764193911,0
COCE5,m1,156,-0.030062907186241893,1.0013630000684928,0.12401168796816317,2.974416183811133,11.884562784229885,0.29285660039489936,6.5872551030329385,0.7637509808109587,0.40410582330064704,0.817051695244895
COCE5,m2,156,-434668425.8542621,6515170721.208314,-2.7637823250390343,46.60034022962517,29.28312313937524,0.0011210649744874956,28.719151321787944,0.0013833456055589721,12555.033654149112,0
COCE5,m3,156,-0.0024969421309370614,1.0471552916028537,0.0253531462436605,3.051092016487299,11.516786512036445,0.31869624625826987,14.192002973956754,0.1644125339360294,0.03367989460256332,0.9833010520280654
COCE5,m4,156,-0.002496821353625024,1.0471552458514755,0.025353250134269062,3.0510920712272522,11.516786708633813,0.3186962320446949,14.192000505900461,0.1644126419337134,0.03368006792653047,0.9833009668132494
COGN3,m1,156,0.013069572026311099,1.0254976566277467,-0.05508401969272037,2.8191917607682115,9.623271282926066,0.47414279200144027,10.443115696071239,0.40251397419587576,0.29138600579485585,0.8644230378220843
COGN3,m2,156,0.015151771005938923,1.0275881425744404,-0.08194296028144106,2.7807255451907382,9.63771169487852,0.4728318684123072,10.323480761284639,0.41258624395720933,0.48710922968917125,0.7838366657455648
COGN3,m3,156,4.997490712158273e-4,0.9801078003908915,-0.05768527931261864,2.92709752651141,10.091713616503526,0.4324841431427294,13.23804381874745,0.21066541098242442,0.12106338684864996,0.9412639366683169
COGN3,m4,156,5.434063186885647e-4,0.9789347324634375,-0.05828681911313124,2.925467124637067,10.114829821725808,0.4304773361697486,13.131185005557207,0.21642935096246163,0.12443965715463104,0.9396762963813123
CPFE3,m1,156,0.008300699882626491,1.0021188876161342,-0.09519511199412278,3.855559599037053,5.387111375857453,0.8638653874871511,3.6423838480735387,0.9620412541176285,4.993499321815794,0.08235223677583303
CPFE3,m2,156,-0.060511827760716015,0.9182405048480836,0.13890781073574687,3.4862533045782462,5.499534808390373,0.8554139376010244,2.5859263663579095,0.9895635231762405,2.0385546723545613,0.36085562327277465
CPFE3,m3,156,-2.918670400523206e-4,0.9673446685775131,-0.10619574280661451,3.7645616033052156,5.1728283034163365,0.8793377791104139,5.39717677820883,0.8631178611172547,4.092819824662636,0.12919790378606466
CPFE3,m4,156,-2.715498085017912e-4,0.9656985989120326,-0.10597229132441445,3.7594329038118746,5.1676672624608875,0.8796997856670308,5.334858757259008,0.8677166066178772,4.040782469791094,0.1326035757842109
CPLE3,m1,156,0.012794186269969542,1.0184313966093759,0.47296166564508585,4.090841969174292,36.78410930224131,6.167180663085858e-5,14.028566180892195,0.1716925994255749,13.550596477542427,0.0011416299708529865
CPLE3,m2,156,0.005725079510810936,1.0187045301273359,0.4517113497895099,3.773954454849433,25.90190136960884,0.0038743873744292445,11.429670641133528,0.32503636934560576,9.198657469923523,0.010058585455708147
CPLE3,m3,156,0.0010131061289973633,1.0347798363910947,0.4928491189420926,4.1049814115682315,39.3045664594203,2.245224001928836e-5,9.658475905962781,0.47094968017058036,14.251802084515521,8.040082382503311e-4
CPLE3,m4,156,0.0010132151419629874,1.0347797001765013,0.4928492660177673,4.104982124161377,39.304564471152226,2.2452258049865392e-5,9.658479915435256,0.47094931705160026,14.251816090025763,8.040026079972895e-4
CRPG5,m1,156,0.011157304998007255,1.0281757061685404,3.1826811154488626,25.005156104234104,10.719838306344974,0.37975769950823324,0.1982271884307591,0.9999999266065955,3410.840754764633,0
CRPG5,m2,156,0.004389809024901262,1.003553213799566,1.4729829159762076,11.439953785877924,13.313226537399297,0.2066823935345965,6.134587680698957,0.803831808643725,519.4249748401103,0
CRPG5,m3,156,-0.002671338126874016,0.9004898288732067,4.1364379564490115,36.34552518499142,11.937618164821483,0.2892531892970349,0.7044792141637718,0.9999662654372434,7672.369417265187,0
CRPG5,m4,156,-0.08222158534975724,1.0462567576603323,3.7306108273232534,31.54123903116559,6.236488945498389,0.795018475654982,0.764608591749702,0.9999504381653479,5656.769001090315,0
CRPG6,m1,156,0.15048888277554856,1.001225625630166,0.4414342385306595,9.018324421420623,6.1103309739282965,0.8059100606881441,3.202898372128033,0.9762377397139893,240.4979563301666,0
CRPG6,m2,156,0.11859150430749418,1.0063438765029884,-0.5914581026477584,7.374961818336024,3.4269011354009646,0.9695222868696916,4.1187251121043325,0.9418321602387336,133.50728079421714,0
CRPG6,m3,156,-0.042118928667319436,1.0956766027298201,1.1806929093834726,18.404637479412685,8.683390456738795,0.5623912913577107,1.220588780460669,0.9995741044977752,1578.7134925717976,0
CRPG6,m4,156,-0.012007745071654204,1.0056036940252282,0.39535518102771805,13.506397428001218,7.084134853618042,0.7174789554027632,1.5935762576899117,0.9986131624346041,721.5624636465209,0
CSAN3,m1,156,-0.008592741348943311,0.990733316660016,0.03020201406486873,4.102957122074189,6.636196091747794,0.7592856941671121,15.36928932083165,0.11916702553219527,7.931059888365091,0.018957987274802024
CSAN3,m2,156,-0.002031811584495443,0.9941430224093801,-0.09393159940345738,4.157309254081601,6.981201539223887,0.7272184439978304,14.100081192486451,0.16847534985846857,8.935272391817707,0.01147440706909797
CSAN3,m3,156,-0.007236686312446944,1.0028936046500279,0.29214746404009356,4.402862891195074,7.4823448566509345,0.6792577356145286,12.485883913991911,0.2538526927391438,15.011261554070817,5.499788268938932e-4
CSAN3,m4,156,-0.007238421112588799,1.0028946349729535,0.2921485653040322,4.4028684230584085,7.482331859030157,0.6792589942004962,12.48593113263377,0.25384978769752964,15.011379170132823,5.499464846729918e-4
CSMG3,m1,156,-0.056951906243147804,0.9457397911286293,-0.18688767567560577,3.0628873431538524,13.604295211134206,0.19181787149148188,9.4660016841197,0.4885212703816286,0.9338084028433679,0.6269401475104596
CSMG3,m2,156,0.028808821836640873,0.9755844003814234,-0.22381707882872326,2.8350660959628313,14.885774861812262,0.13628212696486974,8.964258743729689,0.5354988918239532,1.4792669567171188,0.4772888201477127
CSMG3,m3,156,5.630977250526113e-4,0.986032480742118,-0.6549567313086835,4.302471936544656,12.13369756715476,0.2762082959521386,13.024273235971405,0.22231783916751613,22.179991762711918,1.5264268067194386e-5
CSMG3,m4,156,5.981661513268334e-4,0.9860600330645307,-0.6551532369907265,4.302643236833332,12.134716191987911,0.27614164765234683,13.031269180934984,0.22192877512542108,22.18958597846465,1.5191219078669604e-5
CSNA3,m1,156,0.029093378222130054,0.9981032488228304,0.17403370331368623,3.7782816486781896,7.1043287848282235,0.7155603408542133,4.8859286471719185,0.8986665765902027,4.724676087466046,0.09419972245582109
CSNA3,m2,156,0.028010360367731656,0.998408367942609,0.16684128842205737,3.7883701926445834,7.040991859687492,0.7215694873367806,5.123041693292813,0.8828085052403482,4.76366554780861,0.09238110857361437
CSNA3,m3,156,-0.007916682758601037,0.9625132092077446,0.062358530307122774,4.113056606962671,7.045078325194476,0.721182541333329,6.0641582139990104,0.8098444383412655,8.153920810824818,0.016958935678170306
CSNA3,m4,156,-0.007936446945809151,0.9532521691406137,0.0741937889371025,4.0840203904669865,6.951153273389398,0.7300481991129613,5.8873197238315464,0.8246395985289674,7.7812740214012,0.020432326281036528
CSUD3,m1,156,0.022990873686063836,0.9998853893497431,0.34144042229253724,3.4365277428720327,3.718956459615617,0.9591360431822102,5.420655407184684,0.8613671258000717,4.269737668288153,0.11826010104675344
CSUD3,m2,156,0.02432521215501079,0.9999656986271862,0.3391175481332709,3.427739203152535,3.8387746221006234,0.9543271488420827,5.259081948925438,0.8732127077033596,4.1792638661881245,0.12373266933801641
CSUD3,m3,156,0.01568344629021673,1.095404976237548,0.7018143792327554,5.403621329862725,5.580955333952477,0.8491560186669161,9.451653496939327,0.48984203854933883,50.359199728256094,1.1604828209499374e-11
CSUD3,m4,156,0.01568316780260249,1.0954048085289207,0.7018148053779213,5.403623100742434,5.580954476836565,0.849156085136572,9.451646332424502,0.4898426984162827,50.35927061498625,1.1604384120289524e-11
CTKA4,m1,156,0.006644062525518263,1.0167868838232126,0.5442771131783151,3.7714598669383457,16.491300956365485,0.08640569616159066,7.813012732516245,0.6470957594816283,11.570654095100174,0.0030723054215840984
CTKA4,m2,156,0.005991064877988106,1.0163669640536235,0.5695111856387692,3.8301174091286816,16.613954685043023,0.0833546830845262,7.720805880402353,0.6560870456043484,12.912034688859919,0.0015710401792766726
CTKA4,m3,156,0.0016407571515217182,1.028767351690935,0.6347675455862352,3.8964485591242144,18.766946305821435,0.043324637077487016,6.162417541867469,0.8014379653129353,15.699705884682128,3.8980928847931473e-4
CTKA4,m4,156,0.0016410334680569975,1.0287737247627156,0.6347609511733703,3.8964317342611916,18.76684325937063,0.04332603686485903,6.1623235535627146,0.8014460667501572,15.699292145735996,3.8988993646293935e-4
CTSA3,m1,156,0.12177347426586588,1.1933738586064202,2.7152793907153305,18.91064056105238,5.100984484631457,0.8843307937771681,0.41306204217601444,0.9999973625450609,1837.1564363202624,0
CTSA3,m2,156,0.11931406253040476,0.9357950652883813,4.798872673207539,34.46853522508507,4.465971663207909,0.9238881970098498,0.2419287549252506,0.9999998048398118,7035.505262155838,0
CTSA3,m3,156,0.029110737933550422,1.2236917460692824,3.9567333467861054,29.575472290257466,2.7137831567308455,0.9873809182263094,0.3232460801577507,0.9999991965564938,4997.711436643373,0
CTSA3,m4,156,0.029107467561354496,1.2236914473595721,3.956733257353544,29.57548092619009,2.713779869611965,0.9873809779935963,0.32324620421145167,0.9999991965549935,4997.714401794943,0
CTSA4,m1,156,-0.0027065261442075477,1.0064597165154456,2.036428360182385,10.190665802106189,10.866364078791042,0.3680238959429094,3.078030623320652,0.9795275879978144,443.90993752429944,0
CTSA4,m2,156,-0.01256249077600096,1.0066300050680401,1.881902962122675,9.070050563945236,10.165800729028316,0.42606951276602234,3.7164800175881716,0.9592320452484469,331.57636774753576,0
CTSA4,m3,156,0.012214570518954727,1.1344858316934718,2.019674828286696,11.206178732873498,16.331004690355226,0.09054098278171996,3.56171205036117,0.9649613108094638,543.7751477855118,0
CTSA4,m4,156,0.01219265026031032,1.1344868545279978,2.0196753790956175,11.206181663646696,16.330996128690835,0.09054120821418388,3.5617204438258163,0.9649610144625158,543.7755182890638,0
CURY3,m1,156,-0.011633765072972375,1.001263032572986,-0.3431904381437208,2.9742049743014443,7.360966197002633,0.6909843680392473,5.869432569052876,0.8261110159415975,3.066596589445384,0.2158226453918476
CURY3,m2,156,0.020715858299822525,1.0035340456282371,-0.4436009916734285,3.0709546662035305,7.399614896205856,0.6872565403296325,6.739636792092728,0.7497749274188226,5.149052505419232,0.07618990901301181
CURY3,m3,156,1.3981283140189863e-5,0.9880672657572027,-0.3737034216766648,3.1143554205786153,7.552393595692726,0.672466943295579,4.00654206814239,0.9470513757610366,3.7160119860961536,0.1559833523631302
CURY3,m4,156,1.4847814579922177e-5,0.9872896338993512,-0.3737509059603331,3.113896886563163,7.539274387555524,0.6737399132118758,3.980329249664142,0.9482300010125196,3.7162544873574954,0.15596444042984714
CVCB3,m1,156,-0.046042862757541284,1.0009402149675177,0.10135387864341451,2.771071216610375,7.533162557815058,0.6743327769008709,6.557276724054674,0.7664746647385492,0.6077423477353138,0.7379559283353193
CVCB3,m2,156,-0.03292869891476902,1.0012518242218589,0.07204099644919852,2.4760965786320184,8.588725213821403,0.5715279393482766,7.741326763477854,0.654087127589402,1.9190237013912292,0.38307984049820265
CVCB3,m3,156,-0.01966966620664857,1.0018083538123566,0.08095569953821503,2.7444896804042576,7.504363435972616,0.6771248315859131,5.576010923403776,0.8495392540010187,0.5947553597102354,0.742763432595003
CVCB3,m4,156,-0.021410164296400924,1.0005868585912339,0.061074706595538965,2.4960351118855604,7.84497214224463,0.6439767570560073,8.426548033471217,0.5872470711337898,1.7478570693683084,0.4173089122462763
CYRE3,m1,156,-0.00916687686924395,1.02273507975906,-0.7021613322660128,4.4090595553081915,15.820394408535872,0.10489054241646278,8.750059844798148,0.5559768071051451,25.724211347403706,2.594528706878485e-6
CYRE3,m2,156,0.0027141150939486206,1.0224900553696878,-0.3278487779189381,3.423562973427247,20.49708600250329,0.02488657010230877,28.576732658433492,0.0014584739319146722,3.960741701736927,0.1380180437075108
CYRE3,m3,156,-7.370002887869264e-4,0.9734921490845725,-0.7405437749508497,5.043316143788932,17.573257925967454,0.06260321494588106,8.862270998673022,0.5452226502758072,41.39694776062488,1.025101781237936e-9
CYRE3,m4,156,-7.751571229968957e-4,0.9717165948267029,-0.7378793811684766,5.0264987060543405,17.507702970998363,0.06385793849479637,8.824667761528836,0.5488202968137887,40.849646046652325,1.3477584603904802e-9
DASA3,m1,156,0.012734783453197649,1.0046925335249157,-0.11838463657921582,2.7925745083226134,9.240222504307761,0.5094675737184429,5.49201416408937,0.855986228835217,0.6440526515122542,0.7246791123532007
DASA3,m2,156,0.02512371687996038,1.0017646459095044,-0.16121771953364777,2.8332802820336873,9.576441210087193,0.47840504070907497,3.671941446911923,0.960935284748736,0.8564404987143608,0.651667869562073
DASA3,m3,156,0.04403072368615716,1.001672845157149,-0.16104780368812502,2.8797390074745697,9.398660023479243,0.49473268998595554,6.167065860429653,0.801037156263645,0.7683538629928023,0.6810109242375877
DASA3,m4,156,0.04402474222703015,1.0016605463874964,-0.16101447447670786,2.879693987081576,9.39838170441904,0.4947584269250007,6.166396444761942,0.8010948948381216,0.7681451746044023,0.6810819874811727
DEXP3,m1,156,-0.0026320306985389177,0.993748093331693,0.22003914401411495,3.642161116645225,6.215931748796837,0.7968069915100267,8.444307354615146,0.5855221731991476,3.9392586956118363,0.1395085557854745
DEXP3,m2,156,-0.013238146219962216,0.9939855989205223,0.21234634841013214,3.561861114019601,6.00022100420384,0.815244676363823,8.872460316902869,0.5442489208415602,3.224336688168809,0.19945465851756616
DEXP3,m3,156,0.004661809694895032,1.0559411835029264,0.3530058499440196,3.4469562888020597,4.566787891032805,0.9181786333167966,16.454014839767666,0.08735247758734666,4.538445889110308,0.10339249057396371
DEXP3,m4,156,0.004662346944050223,1.055941919353208,0.3530051672340988,3.4469547115484507,4.566785362979478,0.9181787792663522,16.454036115060156,0.08735193476621494,4.538424192583157,0.10339361220903709
DEXP4,m1,156,-0.021978414694627593,1.0027136197874642,0.03717814907099382,3.3928611819512104,3.6634190510419335,0.9612561626220166,5.953483706646729,0.8191560760403128,1.0391469878236346,0.5947741686849981
DEXP4,m2,156,-0.021978475736541166,1.0027135055109204,0.03717809343620885,3.3928598743348757,3.663417694939591,0.9612562135523045,5.953469220997557,0.8191572835157884,1.0391402020260314,0.5947761866969858
DEXP4,m3,156,0.002675027373149005,1.0371578220625677,0.1998065014708614,4.337963516491922,3.6232992988919426,0.9627450478258919,5.25895128500343,0.8732220926475324,12.673940003292959,0.0017696561768255625
DEXP4,m4,156,0.002693878754738329,1.0371589934243715,0.19979703028446616,4.337979951808379,3.623334576125465,0.9627437543292056,5.2590893374948635,0.8732121770093637,12.67412747044027,0.0017694903084017888
DIRR3,m1,156,0.014351961830045308,1.0004940809248273,-0.647695218496119,3.250431324091374,27.538662295518094,0.002138946875605452,10.736951334087601,0.3783758422245693,11.31488951019115,0.0034914269606181048
DIRR3,m2,156,0.013863691051251742,1.0012507339056689,-0.6128014380958713,3.2207469710879923,28.59979980973816,0.0014460424735184274,11.338974177439255,0.3317256955360628,10.080405629930967,0.006472435478383942
DIRR3,m3,156,-0.010756658016814457,1.0014416584087353,-0.5780382613253027,3.1321914896689163,27.015599747628116,0.0025895817097089102,12.283160497515958,0.2665525488299716,8.80091885507122,0.012271700650566042
DIRR3,m4,156,-0.010756626428451108,1.0014419962810268,-0.5780358697338225,3.1321924475992318,27.01582232814035,0.0025893717169047648,12.283304591611701,0.26654335988597544,8.800848614987144,0.012272131640776895
DMVF3,m1,156,5.071818693062899e-4,1.0035126777957655,0.34267682772904173,3.3044200785682487,7.251784092598266,0.7014803536913441,12.17461896783713,0.2735399204163529,3.6554779123541614,0.16077668023359826
DMVF3,m2,156,-5.149717005347675e-4,1.0033711003879533,0.3129665418429393,3.272852357787566,7.020442891148231,0.7235136200423484,10.153089517661916,0.4271665215805375,3.030564123617862,0.2197461940965484
DMVF3,m3,156,-0.0012611861421533426,0.9666735954724213,0.2851616436127358,3.6163434975390536,10.142079953598614,0.4281178699114907,10.929732607308726,0.3630186545138756,4.583461732917218,0.10109133473622745
DMVF3,m4,156,-0.0012756019661362256,0.9663055517488012,0.2850864069106568,3.6147248019057594,10.133753820372064,0.42883807523244455,10.93285803836404,0.36277288127607044,4.569393528043431,0.10180492834321075
DOHL4,m1,156,-0.015250050349325315,1.004340031163087,0.5694129385878209,5.405371514214153,7.712709474906528,0.6568759016599728,7.4832650171306625,0.6791686331728166,46.037787249465325,1.006981165119214e-10
DOHL4,m2,156,-0.015250779382069254,1.0043374825504392,0.5694126078193078,5.4053737266647435,7.712692080791232,0.6568775962918102,7.4832269513132115,0.679172319278706,46.03784663857191,1.0069511890975491e-10
DOHL4,m3,156,0.044353366919323844,1.0034931197492605,0.6605589527978705,5.472696987732409,10.0536966218963,0.4357949981468443,13.59131332914488,0.19246222761786136,51.08728893857293,8.063771872457437e-12
DOHL4,m4,156,0.044355422855486354,1.0034941436705405,0.6605491593737159,5.472686578438618,10.05375839140405,0.4357896082286805,13.591453030031975,0.19245528439329085,51.08661793942053,8.066436407716537e-12
DXCO3,m1,156,-0.0018653049482921797,1.0570686983514985,0.4332708490678043,3.761112350417853,7.853492121273125,0.6431450951453455,6.517935984378419,0.770035328105241,8.646212409681144,0.013258635475443037
DXCO3,m2,156,0.004599950762055479,1.057845907973126,0.45404446921849095,3.5997129523124403,7.556439827882001,0.6720742327497825,7.478217498786094,0.6796573675230367,7.697827444338901,0.021302864703896862
DXCO3,m3,156,0.008487012503952921,1.042603271263721,0.4109910454164016,3.8562283071348675,7.3660802527185645,0.6904914461629452,6.537105593033617,0.7683022768301142,9.157079565327903,0.010269881612001486
DXCO3,m4,156,0.00848667172221331,1.0426075543186482,0.41099157681951964,3.8562247232064917,7.366089882370893,0.6904905178994784,6.537035958798547,0.7683085789615203,9.157051029726688,0.010270028141669996
EALT3,m1,156,-0.0548925425198418,1.0917679425497844,0.6246105758765855,5.802148369198361,28.093766060196,0.0017438812539375403,3.827601187113511,0.9547892103568731,61.181828298425515,5.184741524999481e-14
EALT3,m2,156,0.0012246923214786183,1.005167951365488,0.04751308527509843,5.78850905174268,27.78017217642452,0.001957434006718106,1.9437692278895973,0.9967532238119736,50.601282580811876,1.0281886453356037e-11
EALT3,m3,156,0.0033603972964422646,1.0812120244460524,0.4228760640756396,5.606237745223026,29.200137922842504,0.0011563769747486852,6.607076761878425,0.7619452564620933,48.80051700483455,2.529898512904083e-11
EALT3,m4,156,0.0033620096028630876,1.0812112000301206,0.4228772175090208,5.606237179109278,29.200145083413496,0.0011563738816334768,6.607066983165394,0.7619461482245367,48.800523187807116,2.5298874106738367e-11
EALT4,m1,156,-0.0012015765742720878,1.0019562794535593,0.5868168604580104,4.12179507301856,9.232809664364092,0.5101609550434055,10.00468864295742,0.4400820296207488,17.132961928679347,1.9038143143479402e-4
EALT4,m2,156,-0.03751048406654745,1.1180451955973445,0.3071776286725102,2.9329661677394636,11.364726600429826,0.3298171593025745,10.055125397086234,0.4356703339890552,2.4825184598175,0.2890200460129133
EALT4,m3,156,-5.372341313895051e-4,0.9691327522905798,0.45824520732092455,9.26267427938348,15.567695153222536,0.11269449151560873,16.264795505631383,0.09229908261243358,260.3967847635815,0
EALT4,m4,156,-5.32902509642699e-4,0.9691333506527224,0.45824168199836574,9.262676314429305,15.56769113824233,0.11269461937646974,16.2647446393477,0.0923004447173359,260.3968664426778,0
ECOR3,m1,156,-0.005358280715896132,1.0108576606915538,0.32063220489627065,5.06889789068536,14.98573313251239,0.1325828669809801,5.516819171795485,0.8540949587157901,30.495130414767903,2.3881773114631244e-7
ECOR3,m2,156,0.06964314011525369,1.1281456490228103,0.6122285693529552,3.382225764856785,18.434828528006452,0.04805694672856664,7.891387390007285,0.6394452724967787,10.695046829013425,0.004759924774659252
ECOR3,m3,156,-3.2054862458407633e-4,0.9816004286285477,0.1784064307842964,5.393166598502855,16.76130661237907,0.07981535077928748,3.463073310813067,0.9683373457575383,38.05465161140824,5.451768370079435e-9
ECOR3,m4,156,-3.149778620007257e-4,0.9807604592153416,0.1787322413213728,5.396354759707768,16.76728424376338,0.0796746201372831,3.446595226884162,0.9688806550281283,38.156930439713236,5.179977002889302e-9
EGIE3,m1,156,0.0334899525198542,0.988453594051096,0.2907657904082101,5.6585824055768414,5.46599509731591,0.8579585854588866,13.29745247588505,0.2075131399317347,48.140556013742334,3.5189295921611574e-11
EGIE3,m2,156,0.024143297531341687,0.9868441671280526,0.2682809719991695,5.636448142342674,5.513101239919342,0.8543791111149656,12.699479106810175,0.24096296596831512,47.05192392556119,6.064637680935903e-11
EGIE3,m3,156,-3.2644959795546176e-4,0.9422683203780559,0.3299652575055333,6.590930996767083,5.568335551086487,0.8501333471447005,17.417911983144247,0.06561317695734226,86.64690910320516,0
EGIE3,m4,156,-3.0449471243994367e-4,0.9410858737334724,0.3290338311999755,6.575984242582772,5.562193591943028,0.8506080338434747,17.426480481414462,0.06544383158472022,85.9346562847293,0
EKTR4,m1,156,-0.03552400888220132,1.0017763874966572,0.5423656195295486,4.323976563577105,9.99893866080042,0.4405864052049193,3.7769668001582932,0.9568479828792915,19.04211271229881,7.329220077612053e-5
EKTR4,m2,156,-0.027454797006502225,1.0023155558120218,0.5775586060067581,4.3878315048033,11.176331367100824,0.34394627275992584,3.203843067848551,0.9762116327467784,21.19241838489404,2.5010640780087634e-5
EKTR4,m3,156,3.816175645881925e-4,1.0128853459042093,0.394774264388872,4.922118045100461,13.060930529957853,0.22028505412074684,4.539489057698273,0.9197465543083105,28.066510280873473,8.043308555860662e-7
EKTR4,m4,156,4.3027076053270085e-4,1.0136320743286196,0.3941433881481424,4.920969747558707,13.056825124584478,0.22051199826218393,4.5442547319046085,0.9194740033702302,28.02488528267578,8.212464076562398e-7
EMAE4,m1,156,0.0075224241019166355,1.0064888888806245,0.20340156771157236,7.456437036937475,22.682416246193384,0.011981520588707162,3.3088227056416857,0.9731945591770191,130.1645790586581,0
EMAE4,m2,156,0.009704792345960998,1.0055041025555376,0.2596537027177831,7.246073032912087,21.519899376335605,0.017746225652239156,2.4947874613563106,0.990951462343997,118.94230648406263,0
EMAE4,m3,156,0.03421542453747986,1.009819817682746,0.09930758345599758,7.712174721248575,19.472604197040333,0.03465460814139265,2.5507367685510207,0.9901155533231796,144.58625082266016,0
EMAE4,m4,156,0.008043031923915936,1.0047432984018085,0.5200797287549926,6.385036864323886,19.042851829887994,0.039721762766041335,2.3796091418928618,0.9925163856267522,81.51264075421437,0
ENEV3,m1,156,0.0027799130958424466,1.018137550070398,-0.09847123131768287,2.9526145518993885,8.250576548114681,0.604375518181648,3.6377750998571257,0.9622119535325604,0.2667061428237582,0.875156044973714
ENEV3,m2,156,-0.013272035660811875,1.0243281741996628,-0.05273770706043034,2.949388902593731,7.085119474703985,0.7173854646473772,3.0856692479614196,0.9793354182953445,0.08896255007012024,0.95649351023338125
ENEV3,m3,156,4.8453252615525904e-4,0.9909625215958029,-0.09956801255993741,2.978946199296839,7.075781709223755,0.7182718547511557,3.0790727334442223,0.9795014399548883,0.26063972365984706,0.8778146066240605
ENEV3,m4,156,5.262591255281869e-4,0.9903562928335159,-0.099989631913701,2.979243773001601,7.0635667050231525,0.7194305508643059,3.074902524403046,0.9796059457323528,0.26274642498103173,0.8768904468459019
ENGI3,m1,156,0.009935798544269847,0.997248620178074,0.08510133503980957,3.4237439262768627,34.04712959373756,1.813335401219529e-4,8.383723934810016,0.5914095499761888,1.3554311157319594,0.5077756525108985
ENGI3,m2,156,0.027095764145786874,0.999491856454503,0.11006400927938384,3.2638586072284643,36.24150116595712,7.649858763458806e-5,12.079789195829724,0.2797520085686178,0.7675051095605022,0.6812999907494881
ENGI3,m3,156,-7.11467492016276e-4,0.9685745307497426,0.25854526361716607,3.4577364302420306,35.63666060764443,9.717401437359108e-5,7.9791878560556295,0.6308699271311232,3.099884144020277,0.21226026928134112
ENGI3,m4,156,-7.061102992741555e-4,0.9682536799737196,0.2581702051480516,3.455947590935094,35.62878709454265,9.74764659945615e-5,7.993251164650373,0.6294961840999413,3.0842215623977087,0.21392906706934056
ENGI4,m1,156,-0.0012195180276611812,1.0046284086285537,0.3712611198994066,4.178709600747723,10.672942764697604,0.3835598288658191,4.103921820331031,0.9425371147085873,12.61452139668957,0.001823020207959103
ENGI4,m2,156,-625056354.940411,11281311393.105743,-2.257149250314986,25.129858174068087,32.150993265956735,3.778827677268781e-4,18.65771469531626,0.04483187883569928,3315.711839421526,0
ENGI4,m3,156,-0.0012240761285490433,1.075141470439116,0.2555628661413337,3.7307302867423964,10.387977282978204,0.40713898570345064,1.5352957596333845,0.9988211511742817,5.1689057300667445,0.07543734271984237
ENGI4,m4,156,-0.001224765515162089,1.075141224451875,0.25556225918410197,3.7307294915432725,10.387981626988621,0.4071386201651499,1.5353123895623648,0.998821095337582,5.168890110073426,0.07543793188753767
ENJU3,m1,156,-0.08565493110116996,1.0566390870261309,0.261150407012258,3.5906089065209894,14.265964240576228,0.16120215061015386,9.873970136895457,0.45161912965619444,4.040510635151841,0.1326216001316871
ENJU3,m2,156,-0.06269522146218837,1.03704448789984,0.3030818803470446,3.687065905862552,14.800780779149186,0.13949559869214145,6.639462232585713,0.7589868865480962,5.456711414553947,0.06532661748652335
ENJU3,m3,156,0.007147308464292601,1.0860427781048991,0.49173014874459825,4.803766845211623,25.60513862974819,0.004309166243375628,4.5633564710253545,0.9183766083455768,27.434998426044448,1.1029752982061325e-6
ENJU3,m4,156,0.007149805092207757,1.086042656257557,0.4917301948736947,4.80376688020782,25.605140096561538,0.00430916398270742,4.563365066638031,0.9183761127429094,27.435000426188804,1.1029741951995575e-6
ENMT3,m1,156,0.18214615428605757,1.1714024545973274,-0.13452587547303901,4.386935442527625,12.545403563881925,0.2502103999011802,10.468524301164534,0.40039268800539096,12.973861981771913,0.0015232166076029063
ENMT3,m2,156,-0.017983540177079323,1.0157716045973575,-0.5967948641618628,8.619505568664334,11.787665272422377,0.2995186532300421,20.564781823633087,0.024341306205146962,214.5227452927611,0
ENMT3,m3,156,-0.02611096095950463,1.0119745969206222,-1.2652573533400213,9.304263605918582,9.969820452976439,0.44314503123226334,5.979832519170802,0.8169547719107582,299.957087908618,0
ENMT3,m4,156,-0.026111732294887998,1.0119751815178206,-1.2652712665253707,9.304302113223333,9.969783518712358,0.44314828135204354,5.979776918148399,0.8169594274658216,299.96115920141176,0
EPAR3,m1,156,0.04538611072893497,1.007373620902821,0.8918871661553928,8.200355174480048,8.998334812606968,0.5322616163095777,4.614212783556189,0.915416347366545,196.4660412607893,0
EPAR3,m2,156,0.03724928900403051,1.0088811385606846,1.026242718175451,8.463898279638268,8.23159132562379,0.6062267584949033,3.997914739514514,0.9474410033891068,221.43472569833307,0
EPAR3,m3,156,0.005651824584829598,1.0706340642489027,1.1559304971653892,8.108214545012126,9.02312070752685,0.5299107513983604,7.4322632874484285,0.6841028932005471,204.35062111738014,0
EPAR3,m4,156,0.005648594798964602,1.0706166865317144,1.1559422209188395,8.108253921479156,9.0230778580249,0.529914812710678,7.432043968009329,0.6841240915947906,204.35394069166875,0
EQMA3B,m1,156,0.008901422697962838,1.0025415487030207,0.3855622725835605,3.518796424114167,14.732743106260516,0.1421136042999802,4.609569496665647,0.9156889443406631,5.614588159913498,0.060368122897506815
EQMA3B,m2,156,85679302.54587546,1070134145.4374278,12.369577665098483,154.00645161290322,0.07315904160599253,0.9999999994706097,0.07315904089903602,0.9999999994706097,152197.33252861604,0
EQMA3B,m3,156,1.2121114246868396e-5,0.9934144085510824,0.03590041838617829,4.30849551778361,20.570146741549447,0.02429857385384393,11.30040720097402,0.3345974860018388,11.16255322143656,0.003767752494048704
EQMA3B,m4,156,2.5900557714731117e-5,0.9927535667217585,0.035801835714552796,4.311196311132293,20.549395714730757,0.024464247923179583,11.315367422351708,0.33348158384516435,11.208358538578892,0.003682441597257946
EQPA3,m1,156,-0.07895707443172448,1.0898414968067534,0.2561742507239094,3.564581436695797,6.5881435628427285,0.7636701250610888,5.88146266847186,0.8251219292147074,3.778145706382552,0.15121193953264755
EQPA3,m2,156,-169935198.80896455,2308040917.581021,-10.38317447047846,121.17697175598407,9.666277787446798,0.4702433374027851,0.8729192951949298,0.9999080778465241,93580.74636138955,0
EQPA3,m3,156,2.9050568430483435e-4,1.0175727642988888,0.06342502128364091,6.666169118250422,4.238423714965406,0.9359509143721746,5.686892028954547,0.840847541740374,87.46976508993055,0
EQPA3,m4,156,2.855224583767794e-4,1.0177918361735299,0.06380962600574523,6.667218015519263,4.2407303562844225,0.9358344222618239,5.6886846790406675,0.8407053676481525,87.52103520441456,0
EQTL3,m1,156,0.0682131402639266,1.1247304160342881,0.38280786934384003,2.7614179951466293,5.333148370926109,0.8678418290234253,5.506636356432998,0.854872638940454,4.18007741037988,0.12368234857601601
EQTL3,m2,156,0.006955199680606977,0.9988703589723074,0.252549839258284,2.8899398932076004,6.207292881148522,0.7975570210726413,7.1713012147060295,0.7091801587199543,1.7370529302405167,0.41956934402767054
EQTL3,m3,156,3.782410231720963e-4,1.0146164708033774,0.427960530625626,3.2849124605380577,5.953994509922513,0.8191134952583453,6.745532957024895,0.7492299477017678,5.289543826211589,0.07102155097736196
EQTL3,m4,156,3.658104260595767e-4,1.014620009038547,0.42796278895578066,3.284914003450776,5.953986287712203,0.8191141806949496,6.7454419740218805,0.7492383594916051,5.289599797856329,0.07101956340866389
ESPA3,m1,156,-0.016585034520517766,1.1096087983310225,0.2088432578359768,4.618723711448286,15.259969395185477,0.12286737893556732,6.5727967971839165,0.7650656964440445,18.165735115964058,1.1359539857691558e-4
ESPA3,m2,156,-0.014911166353548855,1.1113439215457288,0.19516975397855707,4.618630367566873,15.456091133887803,0.11629714508307731,6.64706794107838,0.7582906801382845,18.02013978883218,1.2217331648800567e-4
ESPA3,m3,156,0.044629026352402706,1.0300834358357505,-0.017481907095609487,5.334847632511832,10.42326073203965,0.4041760003468262,7.619947810594784,0.6659045846934083,35.442783579767834,2.0123213428924203e-8
ESPA3,m4,156,0.0446342278681481,1.0301035507477132,-0.017486047557524892,5.334842427735544,10.423212106707101,0.4041800754132139,7.620279028531595,0.665872380549051,35.442629363639874,2.012476518764572e-8
ESTR4,m1,156,-0.02839860001736631,0.9884857809317232,2.368141470655914,19.77288379210912,4.246946189056217,0.935519911426519,3.8922243621998254,0.9520779634370242,1974.4530442244284,0
ESTR4,m2,156,-0.04430645865176768,1.1013034505254062,0.4629797107607518,7.596492214910251,7.652823191832485,0.6627068709573114,13.85466951541928,0.17972439165694087,142.90341995822737,0
ESTR4,m3,156,-2.3587798857293877e-4,0.9767254517899905,3.9595349056044165,33.96418213194108,4.403036352278275,0.9273393964999589,1.7907290582792867,0.9977069887956325,6639.699571536319,0
ESTR4,m4,156,-2.2216425498489231e-4,0.9767246030148974,3.959530446953439,33.96416926830709,4.403001025760877,0.9273413091625362,1.790683134823024,0.9977072399401528,6639.693475465557,0
ETER3,m1,156,0.004676688999729416,0.9996947432882621,0.21996776075343072,4.171007682015053,12.659547579092385,0.24333457978435236,7.7171427960357,0.6564439649539914,10.171214653741592,0.00618512955401751
ETER3,m2,156,0.016498102237568583,0.9993571378320136,0.13587898106330662,4.163648169668658,12.239546914955483,0.26934441902027295,8.071227033712363,0.6218796018738797,9.28154144289078,0.009650257100518367
ETER3,m3,156,7.937898767164009e-4,1.0494648107914926,0.45816972478628515,4.12025152628552,11.672613183607385,0.3075646096880258,12.421692779476288,0.2578247402620888,13.615169548421985,0.0011053593710557141
ETER3,m4,156,8.153242516774517e-4,1.0494449890108766,0.45815345093181165,4.1202524230673205,11.672506543303482,0.3075721356223571,12.421509391611972,0.2578361533531064,13.614794893642262,0.001105566454537188
EUCA3,m1,156,-0.027244670361212517,0.9892717051905455,0.012345209319378813,2.94780950840834,13.7210820041625,0.1860982489517674,9.23444595410669,0.5100078703943637,0.021667517203385434,0.989224715206815
EUCA3,m2,156,-0.027750259504236256,0.989610204919611,0.03335425044886018,2.908784668914477,14.306701213309774,0.15945603214627913,9.5928785214796,0.4769071029791072,0.08300669466090836,0.9593461240876004
EUCA3,m3,156,0.0610336819495917,0.9941948283738531,-0.06696724596953978,4.02517996527648,13.44832820323266,0.19967378264407654,10.41630841042228,0.4047588762524801,6.9480606606792,0.030991871134846916
EUCA3,m4,156,0.0610350891919637,0.9941952223330416,-0.06696768240299858,4.025174356000599,13.448334600242804,0.19967345528727332,10.416337551778469,0.40475643208763223,6.947987423955225,0.03099300602718158
EUCA4,m1,156,0.01661180634458173,0.9990184385196579,0.32390613787328393,4.74064755452449,7.526608291574247,0.6749684333127453,11.5491806056968,0.3163600161328144,22.421845248920214,1.3525650686796453e-5
EUCA4,m2,156,0.07982302946591519,1.0075150166045541,0.3224203728638648,3.3797956258669704,8.218904069939391,0.6074641650092111,10.092693884800038,0.4323989443233982,3.640417981059458,0.16199189262451963
EUCA4,m3,156,1.401699497415396e-4,1.010259848628826,0.7185927932144571,5.13979170647759,11.951108761727648,0.28834194166277527,15.561944369665708,0.11287775863115501,43.18737122017044,4.187756807993992e-10
EUCA4,m4,156,9.426351394876624e-5,1.0102180682740085,0.7186131088491835,5.139660212506668,11.951239500032134,0.2883331206299844,15.563093653285424,0.11284111255226159,43.18447266785371,4.193830838161716e-10
EVEN3,m1,156,0.0016839357018149821,1.0237012985170482,0.5699554112194878,4.205573927981422,5.096718334946046,0.8846241280129918,8.394452313269872,0.5903663575290798,17.893233663123365,1.3017682602356473e-4
EVEN3,m2,156,4.4813146336075937e-4,1.0174466429471658,0.5625941526252961,4.149652837913183,5.7551880763704,0.8353947454490567,8.89506536838131,0.5420904456117283,16.82037740496449,2.2258785007578386e-4
EVEN3,m3,156,0.0016769131632489954,1.0494919924406092,0.44250485241623805,4.005384006682322,4.990955298247236,0.8917813932297376,7.107088049516556,0.7152979935029067,11.661254660511723,0.002936234413649097
EVEN3,m4,156,0.001687917393297281,1.0494897515215666,0.44250601463624595,4.0053873631183725,4.9909633748546405,0.8917808551695866,7.107094633635406,0.7152973674388743,11.661325272188332,0.0029361307492616895
EZTC3,m1,156,-0.0120007656011648,1.0041081379537338,0.10088756178772837,2.911554792155489,6.018662608741583,0.8136928618843856,4.380427977526071,0.9285578210148695,0.31548240934957233,0.85407078289626
EZTC3,m2,156,-0.0024915937564970827,1.0052404974685178,-0.024926428020691185,2.8541924467442317,5.953400933575679,0.8191629756873775,6.60066788889729,0.762529511414902,0.1543434739724607,0.9257308577265831
EZTC3,m3,156,6.100661622476243e-4,1.0290544020038084,0.14771537328055823,3.1630120660944057,5.1941070519858235,0.877839853927198,7.641782472421427,0.6637810543816753,0.740039688089166,0.6907206238105024
EZTC3,m4,156,6.098990993580455e-4,1.0290523090397,0.14771597344804027,3.163012950175553,5.194101270205206,0.8778402621127416,7.641747067589248,0.663784498577568,0.7400461716163493,0.6907183846611615
FESA3,m1,156,0.012789184465774536,1.018472210988488,0.21569584198164665,3.7485240401655426,25.54850253106764,0.0043973094435804105,7.580470741525724,0.6697409457795529,4.85151565403983,0.08841109333296038
FESA3,m2,156,0.08160699554675142,0.920001651150654,0.3455427262608227,3.0301269657931145,27.291223615349878,0.002341766297084602,6.526963913396278,0.7692196143121331,3.1102937889071565,0.2111583623704152
FESA3,m3,156,-1.474246397927889e-4,0.9473659594356525,0.3197767062947219,3.7969149981503763,23.861952010355065,0.007975364456832779,6.864928793198766,0.7381320168319483,6.786663531906807,0.033596554364286435
FESA3,m4,156,-5.367509387563459e-4,0.948022648805328,0.3217069302280139,3.8014106267739063,23.79344198814066,0.008167944496830226,6.824135570345471,0.7419367853697195,6.865562525464981,0.032296989328799985
FESA4,m1,156,-0.015280211069023447,1.006990968160445,0.1699072836979063,3.0633473456263047,11.342956752752784,0.3314300689242128,5.099011456893345,0.884466500539937,0.7766643716799613,0.6781870217163894
FESA4,m2,156,-0.012836460521134132,1.0070149828838248,0.15111853978985865,3.0693682365480064,11.58324268543203,0.3139160037304978,4.966035923390785,0.8934352620996033,0.6250348293452674,0.7316028882109082
FESA4,m3,156,0.04708315749979778,1.0066226336264916,0.45870604222554595,4.979868804023267,10.416632481425628,0.40473169600042325,2.9625834248512706,0.9822909218162619,30.949915189969204,1.9024414898982656e-7
FESA4,m4,156,0.047091356153782876,1.0066411753140925,0.4586826323937022,4.979829726598351,10.416591520830583,0.4047351313618288,2.962578385146321,0.9822910367396706,30.94835103984628,1.9039299237189056e-7
FHER3,m1,156,-0.005392775829668165,1.002460341680496,-0.4346535608766476,14.602670682904936,2.9171412206904153,0.9833072489663169,1.819382118212303,0.9975463557926344,879.9548020111731,0
FHER3,m2,156,0.030740003990589414,0.9985963689520156,-0.6694031386919241,10.800753962859668,4.308640899189309,0.9323514172952734,2.3477472405205306,0.9929135868937106,407.18707014331585,0
FHER3,m3,156,-0.18410995176845762,1.0652572536850815,1.098856756441398,24.65250843576324,3.096629046301658,0.9790576471461164,1.0182167951997951,0.9998130323545615,3078.7969305957918,0
FHER3,m4,156,5.966022173726533e-4,0.9846314417666931,3.469667714881862,41.228428488021734,4.123604650702028,0.9415987080718569,0.41275358434243514,0.9999973720420361,9812.186285658685,0
FLRY3,m1,156,0.018465092834681326,1.002152135700534,0.20101898939228122,3.3419655502963015,13.16974776531423,0.21433531360397817,5.149323531487815,0.8809823086176217,1.8107373308350811,0.40439277198814794
FLRY3,m2,156,0.0286737460005502,1.0006043944713277,0.2773885890621901,3.525475877363186,12.855563996369932,0.23185991058263689,4.8839570881320995,0.8987936734004787,3.7953669978786913,0.14991549670361404
FLRY3,m3,156,1.5930266072714194e-4,0.961532452251993,0.45810930744827316,4.130956696121111,12.087021095068334,0.2792747316767106,4.111001739976446,0.9422005742916618,13.770377392096815,0.0010228231344622252
FLRY3,m4,156,1.9517720768550708e-4,0.9602723082569935,0.45720165685258674,4.125434404993233,12.088610314158796,0.2791699276319686,4.119614753795296,0.9417896369979227,13.667784130373583,0.0010766595232534204
FRAS3,m1,156,-0.06667949287910674,1.0934426859792958,0.0407817265129369,3.151867056336147,13.593893427622396,0.19233402723481263,6.453695839339387,0.7758152324386174,0.1931552978531174,0.907939394343183
FRAS3,m2,156,-4.0022296214546664e-4,1.0452835479825278,0.17900412427732473,4.250353069833964,9.317880276651689,0.5022246640510125,4.599407974768116,0.9162838814696672,10.995092584296518,0.004096811494275432
FRAS3,m3,156,-0.002299622036808714,0.9764070702806372,-0.27495443716339263,5.697313470596033,9.138297508356555,0.5190309461199606,5.449354497708148,0.8592138028337007,49.256348236694116,2.0142776335774215e-11
FRAS3,m4,156,-0.0024571763799001206,0.9749474820897132,-0.27056342200313677,5.695033351259231,9.149138708138267,0.5180107722634926,5.447168253208243,0.859378351480248,49.11414966707433,2.1627033497395587e-11
GEPA3,m1,156,-0.0260397912612911,1.009629516556779,0.3173328239159971,3.4644407573468676,12.988231285031635,0.22433056344285207,9.976600740976176,0.44254858446271306,4.020287060549075,0.13396944461762517
GEPA3,m2,156,0.06030258871842976,1.0165811727377603,0.0824140885116325,3.8128408642701515,16.892175164724637,0.07678417801613358,23.832382563610942,0.008057946234327984,4.471210890693688,0.10692737157172427
GEPA3,m3,156,0.009393273369355894,1.0108785658489488,0.19775599569655575,3.4506970864763518,13.500736658428142,0.1970060741589671,10.697111140241999,0.38159753338840074,2.3371243941111093,0.31081350872857016
GEPA3,m4,156,0.009395299236745803,1.0108823856678721,0.19775987860538993,3.4506890867568187,13.500539838431726,0.1970160396534848,10.696998037712607,0.3816067026012746,2.337117453227502,0.3108145873906356
GEPA4,m1,156,-0.0010266898001874078,1.1212722866735612,0.09698941552643614,3.064525083195419,16.58710967434638,0.08401420818605154,14.109829303968796,0.1680406454469181,0.27164327617709444,0.8729983282537319
GEPA4,m2,156,1011604743.1465899,6068541093.08838,6.2079717707897055,41.18706658819044,1.32084854633601,0.9993934478926112,0.9576763494525424,0.9998589153152694,10480.650106150755,0
GEPA4,m3,156,3.3030639100570974e-4,0.9962345365658238,0.6387139890086394,4.439709689746957,11.822443390833444,0.2971154982165237,13.872109273907608,0.17890543614905507,24.079810493521833,5.903853723787655e-6
GEPA4,m4,156,3.74024220311082e-4,0.9953758229848397,0.637241703965754,4.43577417941922,11.819711508043358,0.29730378279034864,13.845252893094164,0.18016784438934408,23.9574104339677,6.276455064790909e-6
GFSA3,m1,156,0.01375502926866525,0.985419241951432,0.4992744462389803,5.815136845340401,12.681597848136603,0.2420228093788075,4.258011189423883,0.9349579005484516,57.9936197663035,2.5512925105886097e-13
GFSA3,m2,156,5.384540052058664e-4,1.001273895467034,0.3259092489619255,6.0513731275182225,13.057669660699098,0.22046529811052062,6.509982798034378,0.7707532409484937,63.282344564244255,1.8096635301390052e-14
GFSA3,m3,156,0.005499017342073037,1.0451754394194974,0.3858237411007709,8.183466420243127,17.413795246141948,0.06569467861140899,12.383821607538648,0.2601895495879467,178.51446578274448,0
GFSA3,m4,156,0.005500387247667945,1.0451751261986675,0.38582358165324365,8.183467050278757,17.41379790036603,0.06569462603482656,12.383819459192898,0.2601896841891971,178.5145050387691,0
GGBR3,m1,156,-0.012846830073360255,1.0003211985949287,-0.2599395606893205,3.1801949949556705,9.662494463813514,0.47058580112619963,14.496015031407143,0.15154488909816322,1.9678394908412622,0.373842854342601
GGBR3,m2,156,-169234863.3347444,2210908194.152932,-12.334265930890679,153.4447660096869,0.03527347676102849,0.9999999999859871,0.04261885625520917,0.9999999999640278,151074.06654551357,0
GGBR3,m3,156,-6.211855105223743e-5,0.9950652289965819,-0.3507088040015167,3.0367394313489435,9.271442318303404,0.5065511420307414,16.327434918600186,0.09063501917273642,3.2066869031115153,0.2012226139779596
GGBR3,m4,156,-6.267965042425723e-5,0.9948510390424752,-0.3506604450139704,3.036725832842797,9.27061863412806,0.506628007777013,16.325598095411337,0.09068343889005903,3.2057985543192724,0.20131201176364322
GGBR4,m1,156,0.09142772678174667,0.9946477314731235,-0.21053415813655255,2.7862641504649277,11.550849891902427,0.3162399429921301,11.700848538472679,0.30557639730246733,1.4493800122460558,0.4844747298794868
GGBR4,m2,156,0.08398478794112632,0.9967382601118302,-0.35780778552534775,2.7134452213909355,10.941284554952082,0.36211076211382753,12.064188123198477,0.28078360418507864,3.8624253633803693,0.14497228660507444
GGBR4,m3,156,3.2307303410060525e-5,0.9877277731118052,-0.18565714501944705,3.3000069258033555,5.4931567812854585,0.8558993433864934,17.671232427256392,0.060769272980282785,1.4812099738609423,0.47682535513423085
GGBR4,m4,156,3.532247082263426e-5,0.9874827271742082,-0.1854458306887994,3.2994859112648323,5.4935443465549945,0.8558698674933914,17.671411058512916,0.06076597389449068,1.477140830916154,0.47779647797351843
GMAT3,m1,156,0.028741967931931046,1.071465117938881,0.20572243481109623,3.735276641256556,11.592775172341161,0.3132343307101578,4.262196076360154,0.9347446287621975,4.614471029453644,0.0995360374735842
GMAT3,m2,156,0.03076838188875955,1.0705750839375874,0.19388868309151466,3.6976988811178004,11.675160469398326,0.3073848774212318,4.235207103439855,0.9361131636543902,4.141507593839714,0.12609069909245219
GMAT3,m3,156,0.0022651437006563683,1.0525388370008728,0.27115486993854426,4.230877594971055,11.514562600377518,0.3188570576774534,2.785823300869157,0.986024656380891,11.759536800487346,0.0027954326215853254
GMAT3,m4,156,0.0022646412567431384,1.0525363944708115,0.2711524002234189,4.230884064924652,11.514562830966685,0.3188570410006828,2.785819235164303,0.986024735567952,11.759605506175276,0.0027953365921741247
GOAU4,m1,156,0.005041866858649506,0.99903778975004,-0.14801035776609606,3.3126530639492784,6.579684883354403,0.7644396081736716,18.49201970691151,0.047209837790072706,1.2049713157369069,0.547449172143588
GOAU4,m2,156,0.0035894937800345335,0.9987738631920287,-0.13277518861939344,3.2669956273425127,7.0632797986479705,0.7194577551314076,18.884410521011244,0.041755645543583464,0.9217238411659439,0.6307397635643617
GOAU4,m3,156,4.564030555733313e-5,0.9926766701208314,-0.12957025365148592,3.387155165935797,6.569361567736124,0.7653777647046508,16.56217094750038,0.08463102000128597,1.410779012734098,0.4939161532974824
GOAU4,m4,156,5.035539292262793e-5,0.9925282983616254,-0.12950385370719555,3.3871391347424242,6.571440027896681,0.7651889640381343,16.55636538069378,0.08477518127201766,1.4102510639696164,0.4940465517190922
GRND3,m1,156,-0.009562120433941267,0.9994944662311936,-0.0020140749443803042,4.333497137458921,5.804642947226186,0.83140047525475,5.107303724002349,0.8838956383211916,11.558500470417293,0.0030910320866738283
GRND3,m2,156,-0.017009931676103672,1.00019118461632,-0.10705878202458907,4.278803405636982,7.809500233536309,0.6474384844704926,3.266331403761283,0.9744435492425585,10.927699129770128,0.00423721288261969
GRND3,m3,156,-6.893162371281431e-5,0.9749843181503175,-0.22647907415308166,4.5614827143117065,5.625006184738141,0.845723642129192,4.477667231667486,0.92323723777623945,17.182095782872818,1.857613279246939e-4
GRND3,m4,156,-4.591362966074373e-5,0.9734470773994863,-0.22301611676973593,4.54993957945859,5.628420389636598,0.8454562662524194,4.464050624888238,0.9239948321006106,16.90817344663512,2.1302804733003278e-4
GSHP3,m1,156,-0.059479111759407836,1.006373673564272,0.5980860701070495,11.481255710125,11.536426313619618,0.31727845953540057,3.2102447541497456,0.9760342333319336,476.85642036208964,0
GSHP3,m2,156,-0.018904151071419066,0.9984604778629333,0.5706584133590873,9.833758874158507,14.309731598271302,0.15932676478858332,2.6075358783574756,0.9892142841191465,312.0186189190862,0
GSHP3,m3,156,0.004797057284635132,1.0000554491647147,0.5351071835216729,10.261716390724112,14.133926413358681,0.1669699967280387,2.446713571699489,0.9916296844182897,350.206244249792,0
GSHP3,m4,156,-7.990874952977943e-4,0.9682930579234386,-0.9693623555059283,11.55970346294321,14.879046245155866,0.13653423305032875,13.293856534128485,0.2077028872406349,500.67664971096485,0
HAGA3,m1,156,-2.7018243803729236e-4,0.9994677168750927,0.7710996429848636,4.787456225247646,3.4268964408087896,0.969522438819496,9.165592587085722,0.5164637648267548,36.226959566343645,1.3596141656968541e-8
HAGA3,m2,156,-0.0029826856947142368,1.0087385434473324,0.6923207669244196,4.564279109130652,4.6403775669356175,0.9138715920793917,9.66544265306191,0.47031892356726956,28.367308505392046,6.920177352265355e-7
HAGA3,m3,156,0.0016187253289027248,1.0465673491355847,0.7652791687067663,4.822856417347771,3.109554310802235,0.9787269507395473,7.666731309219044,0.6613533282734816,36.82519322619817,1.008116901068945e-8
HAGA3,m4,156,0.0016180718790265414,1.0465676202835794,0.7652787948534442,4.822856719918499,3.109553462142837,0.9787269725635047,7.666744310202898,0.6613520628191354,36.82518551894903,1.008120775747301e-8
HAGA4,m1,156,-0.022250477156367774,1.0221031150238147,1.6035426437530065,10.265363268481627,13.6110849310015,0.19148154898114988,3.4021236169542943,0.9703176411243668,409.9608465182069,0
HAGA4,m2,156,0.12033165049958582,0.9749586735505732,0.1588188684198122,3.974739721518245,13.571506959306467,0.1934486377567295,19.753182572578375,0.03167551560248638,6.831573167705413,0.03285055681875004
HAGA4,m3,156,-3.8261073454236874e-4,1.0942558359949242,1.2170689254652582,8.59911316775505,11.809416206131196,0.29801409404048584,4.772225783236089,0.9058648954312588,242.28811972729417,0
HAGA4,m4,156,-3.83821456601362e-4,1.0942561157909814,1.2170685536085522,8.599111060696494,11.809414790622384,0.2980141917828809,4.772231241758045,0.90586455633538,242.28794282384297,0
HAPV3,m1,156,-0.021595615053724773,0.9975449166846984,-1.6094634353463664,12.539508578972615,12.712645443999374,0.24018481952840232,1.366501124401429,0.9992944437575497,658.8641418265388,0
HAPV3,m2,156,0.035725613340343174,1.070734068416107,-0.31319485984287154,5.324846456285951,16.907688258674717,0.07643172299734635,2.585354322398973,0.9895726616986645,37.68228832051664,6.56742404903099e-9
HAPV3,m3,156,-0.0059362407743616405,0.9310872299334982,-2.1115994327024117,17.0595312013405,19.754522166606023,0.03166187841975354,2.6505856216711416,0.9884949442578815,1400.7878706784525,0
HAPV3,m4,156,-0.006155673386302041,0.9286297911692661,-2.097013791687738,16.944028319345893,19.743928315544068,0.031769873328472586,2.649216499177182,0.988518310078201,1378.1676554154242,0
HBOR3,m1,156,-0.17143843732877093,0.9114838407709553,-0.1711556245716146,3.5589364411617783,5.59367887376098,0.8481679451000734,11.111602878469487,0.3488895035560462,2.792315087565858,0.24754632474941674
HBOR3,m2,156,-0.020141427054244234,0.9709368190366301,-0.08819315903344224,2.8888152356921566,6.643884015827484,0.7585821940095929,9.023460314256003,0.5298785635321048,0.28258220259998773,0.8682365301243093
HBOR3,m3,156,0.08325426755155838,1.0050579311868912,-0.6096783378819499,6.7338864180098605,5.194711271471112,0.8777971933711687,4.237546573865343,0.9359951812793157,100.28680015463522,0
HBOR3,m4,156,0.0832529697218036,1.0050573690966034,-0.6096894745971919,6.73393726183198,5.1947619313396824,0.8777936162451137,4.237538497719293,0.935995588780201,100.28962123073208,0
HBRE3,m1,156,0.004899054184545252,0.9962837980264574,0.39891595902420623,3.0283639316059756,7.683581557678246,0.6597129098328023,6.12961958855949,0.8042580905929549,4.1427118334742215,0.12601480023615308
HBRE3,m2,156,3.383244064110255e-4,0.9974263309679577,0.3246279299075387,2.6006264303017512,8.517259258259525,0.5784453996145994,5.777445682404645,0.8336017850109908,3.7767107279052965,0.15132047140258265
HBRE3,m3,156,-2.854181320003275e-4,0.9946624645619329,0.532721651876311,3.390987490400482,5.521096327276638,0.8537677720318816,6.652354213587317,0.7578064710042614,8.372264232546286,0.015204982386229027
HBRE3,m4,156,-3.0966711202348924e-4,0.9940173132356872,0.5334815962316748,3.3923029472466024,5.514617304161473,0.8542632707909377,6.659086300311004,0.7571894536684898,8.400028367184692,0.014995364130837463
HBTS5,m1,156,0.02999890448680913,1.0991031840452339,-0.22586742862458037,5.011929111589027,6.269143099231104,0.7921668240170228,3.2833088193219244,0.973949076026915,27.63750035353668,9.967656231513189e-7
HBTS5,m2,156,0.06464782262670905,1.0450851833161408,-0.03672727705864856,4.828452189432577,7.126427958278583,0.713457911739411,6.14590718056844,0.802859349138078,21.7661143736488,1.8773632732060896e-5
HBTS5,m3,156,0.01845128492810333,1.039666716498528,-0.07899287583337632,5.555124460004244,6.371457004590757,0.7831495994182237,5.513306411564507,0.8543634365564825,42.59853327497096,5.621419996160171e-10
HBTS5,m4,156,0.01845050288250412,1.0396646938345269,-0.07899465443252834,5.555128072704028,6.371462035382365,0.7831491530575081,5.513313987352534,0.854362857772893,42.59866058263319,5.621062504346241e-10
HETA4,m1,156,4.884756355702823e-4,1.0691921849169876,-0.2033890682306001,7.041664350095874,12.364817110777675,0.26138224942708765,8.006686550315885,0.6281837704652928,107.25337461240187,0
HETA4,m2,156,-0.014552996399923126,1.0604461341800913,0.03460539397358142,7.194640213427179,11.78656353118573,0.2995950032242113,7.576462120874691,0.6701302740748887,114.39867824624639,0
HETA4,m3,156,0.01958324459213018,1.0754147265507665,-0.3288697089262307,6.841700909696086,12.874686704346107,0.23076288220084828,8.387467765082643,0.5910454827168306,98.74336563881809,0
HETA4,m4,156,0.019583896562311603,1.0754142595024283,-0.32886269675811775,6.841702643369832,12.874718294132453,0.23076107324422768,8.387640834865032,0.5910286533749892,98.74333230678045,0
HOOT4,m1,156,0.0992585087609093,1.0325351348045038,2.2550014549070805,12.397766701000869,2.269512654398172,0.9938260753764364,5.585711922391788,0.8487869534229124,706.2779438843241,0
HOOT4,m2,156,0.09873993147596431,1.033678331809294,2.2221115661189965,12.225716428444326,2.187342226485569,0.9946921551784231,5.762484902980536,0.8348078019954333,681.6222586367144,0
HOOT4,m3,156,-0.010981733915080946,1.0558404011993652,3.0128297374721695,17.442453248442785,1.733604483718034,0.9980042300170455,3.8047578838719467,0.9557251336688318,1591.8046816193732,0
HOOT4,m4,156,-0.010969877687339263,1.0558812696390756,3.0128023039027134,17.442167072437684,1.733585610928693,0.9980043233038295,3.804945961067737,0.9557174757129185,1591.7466541457602,0
HYPE3,m1,156,0.013821201959154681,0.9824454674537988,0.16914305345595684,4.826566054285935,11.448203920476278,0.32368055555414754,4.632094647539753,0.9143622043975212,22.430076765195533,1.3470096781542651e-5
HYPE3,m2,156,-0.01989576515500552,0.9630282116171773,0.40517755650462023,4.083313157296092,8.888222017034925,0.5427436361522477,3.6877287307240643,0.9603366060491324,11.896578238681819,0.0026103026165223975
HYPE3,m3,156,5.904319853795682e-4,0.9466368140052464,0.33283430251718626,5.357683618153235,8.64277222112598,0.5663076607191764,3.2209937155119905,0.9757344542974457,39.01161377773749,3.3785916286888096e-9
HYPE3,m4,156,7.03027695277514e-4,0.9461627720078967,0.3316138153739685,5.356220254698723,8.64954287534315,0.5656544208330607,3.232488702326616,0.9754112134488906,38.94569106246027,3.491810285360941e-9
INEP3,m1,156,-0.00914555976373236,1.0012770808599982,0.5343262861957102,7.34951875905098,8.509395335940264,0.579207530779895,2.984261017962694,0.981792028175951,130.39215641279873,0
INEP3,m2,156,0.022823190407050917,0.986667862058232,0.2203002440965005,5.393879487716472,9.600272930530021,0.4762339132946116,3.5518547282425614,0.9653082727416034,38.51112064738635,4.33926727883005e-9
INEP3,m3,156,6.126332092522505e-4,0.9505940214915687,0.5630028487763918,7.109940095574298,8.139907702503193,0.6151730360602707,2.9585563098057954,0.9823825975881234,118.03672673084886,0
INEP3,m4,156,6.444755986553718e-4,0.9497439355665993,0.5588055274118366,7.1009952473585995,8.113176682671353,0.6177829157533256,2.9662031261972293,0.9822082523679845,117.43690717669227,0
INEP4,m1,156,0.021074285956083575,1.1253021346133418,0.02903241695643599,3.4096470866260358,12.4426157935374,0.25652504769267304,13.391958869247286,0.20257489302304865,1.1126846933704408,0.5733021741770555
INEP4,m2,156,4.5616690350420926e-4,1.0094042344533087,-0.09355533248575143,4.755655140297609,9.259645506293653,0.507652426998398,15.744294872075482,0.10718996597064956,20.262679921896716,3.9812088487578556e-5
INEP4,m3,156,-3.7186165463096936e-4,1.0178559027536787,-0.032036692288940814,5.512296748889407,7.121213283227363,0.7139542753126208,14.828421712700708,0.13844363186385222,41.05231229509497,1.2178775765647742e-9
INEP4,m4,156,-3.9644351616480546e-4,1.0180249347165546,-0.031617330972119356,5.511480523555694,7.12042816179871,0.7140289940018145,14.831860118644071,0.13831323928812234,41.02496477736006,1.2346449418387806e-9
IRBR3,m1,156,0.0241861819210266,1.0080115114125496,1.2569294656006904,9.155058344639944,7.326806704717021,0.6942740036608384,1.2987815870477184,0.999437385398268,287.3274946873679,0
IRBR3,m2,156,0.04753135608454908,1.0047954804302586,1.1140307052242635,8.978234311889635,6.567606846537528,0.7655371247026627,1.7818087965444966,0.9977553974414217,264.57303038779867,0
IRBR3,m3,156,0.0043907582428316366,1.0782120418480081,1.630696747105053,11.548260561822262,5.987551616750166,0.8163080166929453,1.1950241125655165,0.9996128353933881,544.1114000197322,0
IRBR3,m4,156,0.0043903272152337235,1.0782115375924632,1.6306967555705556,11.548259697101654,5.987553169768341,0.8163078864866019,1.1950234567394447,0.999612836351547,544.1113046434384,0
ISAE3,m1,156,-0.001427116785556867,0.9999290009872207,0.3650574769782773,3.784570636641125,8.493559897960925,0.5807427622591168,14.375936312780517,0.15652415203109815,7.466023044157869,0.023920689571412246
ISAE3,m2,156,140478167.28280792,4484831687.207759,-3.8304119474055462,63.636416352089526,35.22170694818179,1.144399577482913e-4,15.87603790474134,0.10323636965938954,24280.51087001318,0
ISAE3,m3,156,0.004752055626073305,0.9998844838416283,0.3505466568954411,3.575506854637149,9.839824394074546,0.45465677829692464,4.799932376361528,0.9041356499052962,5.3478098334480615,0.06898232844191221
ISAE3,m4,156,0.004752775190962953,0.9998898323049787,0.35054896569872224,3.5755190208492347,9.839886693303576,0.45465122719936124,4.799909088614736,0.9041371101073934,5.347942942998745,0.06897773749131675
ISAE4,m1,156,0.02253360672721001,0.996742649999653,0.20598474358588728,2.948970229215455,10.521984122506215,0.3959502488326436,9.0200648786343,0.5302004101822141,1.1200988231348377,0.5711808402109391
ISAE4,m2,156,0.022766938262382776,0.9968197151190844,0.20654071950256864,2.949257275671223,10.508478178873098,0.3970699071336654,9.011267288226845,0.5310346035092678,1.1258721455985978,0.5695344121064809
ISAE4,m3,156,0.032098081297050954,0.9959761659398543,0.19386448342756066,2.9635023900606923,10.514550680905787,0.39656626594433464,8.242014774706416,0.6052103090478134,0.9858278772538404,0.6108438368631612
ISAE4,m4,156,0.032025389616184195,0.9959786998681099,0.19399699304892964,2.9642619115894977,10.52059591123077,0.39606524972658863,8.25469013265662,0.603974473437346,0.9868075373737273,0.6105447004589168
ITSA3,m1,156,-0.14635512137836626,0.50476698076083,-2.5060772432710148,14.749043518328417,23.73114547507594,0.008346900661488688,10.948259613996429,0.3615632591398552,1060.5511552514993,0
ITSA3,m2,156,0.009352555216670793,0.9972176033391679,0.10329322621667784,3.3230286343099187,5.289556971163556,0.8710151346447522,6.304199138527788,0.7890910851124129,0.955665495935349,0.6201259056270252
ITSA3,m3,156,2.529872817320234e-4,0.9488703596383696,0.17163154776239573,3.8410378610884743,7.122681068272267,0.713814578965958,6.611465160286223,0.7615449670756511,5.363632537468002,0.06843873806181477
ITSA3,m4,156,3.4439487771015833e-4,0.9477873527793044,0.17168133474276298,3.8114584776893343,7.036240126050296,0.7220192919255284,6.4939079739587005,0.7722022743481578,5.04635809476577,0.08020422799293003
ITSA4,m1,156,0.013153019527547648,0.9935563335735407,-0.11224618567884749,3.562861880785812,8.388420018920254,0.5909528861885044,5.970452381521597,0.8177395650822186,2.3868670906570326,0.3031784977837333
ITSA4,m2,156,-0.006775492654603283,0.9801999230501015,0.08531026573858878,3.305256383050886,7.212058955264465,0.7052850946818539,5.416773333928888,0.8616572798565258,0.7949033635066185,0.672030413194411
ITSA4,m3,156,-1.857838761550422e-4,0.9541969096653646,0.10164423897153456,3.779575842189848,9.754299820740638,0.46230752338879344,8.567807795025853,0.5735509477419979,4.218920543437738,0.12130341965450087
ITSA4,m4,156,-2.434146709505051e-4,0.9491837549504356,0.09938987694119411,3.7425178495145777,9.690848213341384,0.4680219650949633,8.497744241680445,0.5803370243564726,3.8404999581084183,0.14657031804093457
ITUB3,m1,156,0.045104722133877735,1.0455721554361261,0.22730452278459273,2.6304276244441507,16.85377857915855,0.07766275399747302,10.753039291041194,0.3770795037077348,2.2311453130675765,0.32772754982986707
ITUB3,m2,156,0.3306630602195459,3.2269071020926803,10.770071400839557,128.15727017821598,0.8062107115460244,0.9999365050907331,0.09338847624623724,0.9999999982207154,104834.08019746792,0
ITUB3,m3,156,2.4832172064480725e-4,0.9605624865056211,0.18199363587740736,3.44435932393372,14.194993047440331,0.16428173642538524,12.169535304820682,0.27387039750217634,2.1446226279812537,0.342216632533332
ITUB3,m4,156,3.955103001325958e-4,0.9595389056806195,0.18430763498991098,3.4309854985489374,14.145857036592226,0.1664419798061627,12.194410942011428,0.2722560325629252,2.090567161941526,0.35159210041038735
ITUB4,m1,156,-0.009930979149618015,1.0010253399662847,-0.012517018851560913,3.716195456484897,8.349355338969685,0.5947531309933209,6.985691387805126,0.7267950803667756,3.3381571270666486,0.18842060328945243
ITUB4,m2,156,-0.011064166615335828,1.005115711979944,0.007106466413049407,3.4314842169680233,7.810485449780899,0.647342355456282,5.953517309412739,0.8191532750140651,1.2114741401881708,0.5456720798078123
ITUB4,m3,156,-3.8252658041569386e-4,0.9548882634351793,-0.10347395328293055,3.7828618431217835,7.817161826715603,0.6466909014637643,7.917322555495566,0.6369125716652012,4.262050659412185,0.11871550889037019
ITUB4,m4,156,-4.7004683371539214e-4,0.9539128584490532,-0.09974609535112693,3.759612401109856,7.73665029817059,0.6545429474830047,7.7529386923830375,0.6529551483149316,4.009252871461921,0.13471060936754586
JFEN3,m1,156,0.005835762586775996,0.9990908080048049,1.1186724495336482,8.238288977508116,8.18916143070669,0.6103658068136447,3.5040275567617436,0.9669614500721506,210.89499346022558,0
JFEN3,m2,156,-0.013766852773830243,0.9992995474727571,1.1280370743737307,8.422507196754163,6.533746848749754,0.768606198450706,2.9545571386524547,0.9824733264737713,224.20745661273224,0
JFEN3,m3,156,-0.08710931913296908,0.9954504127381613,1.1883416372313274,9.307185762785588,8.722531298905096,0.5586232842855475,2.740169593240447,0.9868949648224291,295.2899016170726,0
JFEN3,m4,156,-0.08711105325785501,0.9954627341644501,1.1883685816389025,9.30725223087524,8.7224193858984,0.5586340493563499,2.740187198614867,0.9868946364420355,295.2970166067124,0
JHSF3,m1,156,0.004903850477364683,1.013178980368177,-0.15571067698473823,3.6845754193130507,3.3586322077480237,0.9716818081372498,7.86762706711101,0.6417651947942158,3.6765739688328374,0.15908971598460353
JHSF3,m2,156,0.005189816109016665,1.0122411670275309,-0.08913268162662978,3.756240651352703,3.5306051067922803,0.96604896669991,7.385342171033485,0.6886339064323788,3.92391000621215,0.14058331127835377
JHSF3,m3,156,-0.0018505274530211699,1.0392913093562337,0.03770085726228252,3.6260875674985162,4.472879825532829,0.9235040612735795,5.2797074074019275,0.8717272845225684,2.5848618947414455,0.27460242700173865
JHSF3,m4,156,-0.0018513445618848808,1.0392911334880455,0.03770027738084357,3.6260867799497976,4.4728716014771575,0.9235045192040309,5.279715586095726,0.8717266939290027,2.5848543479607966,0.27460346318583473
KEPL3,m1,156,-0.015874410529973428,1.0044042888135778,-0.08773616777318743,4.009933062246234,20.6353190835108,0.023785025554786232,3.108649711797233,0.9787502049635692,6.829909649941009,0.032877891927703184
KEPL3,m2,156,0.004917150505099274,1.0160146147009577,-0.33544220120886004,5.3668178017209245,14.609378013402797,0.14696543796610084,4.789054538945527,0.9048164837008973,39.337430521677874,2.870684689959546e-9
KEPL3,m3,156,-0.0010191308068481755,0.9534301289774885,-0.2653993357576525,6.691787301877897,13.870499186568575,0.17898091789927895,4.281719479910334,0.93374449503188,90.42176462793049,0
KEPL3,m4,156,-0.0010661397176088912,0.9514178963172226,-0.26613287205281205,6.673858897972513,13.892261520884412,0.17796286197228928,4.275536628585172,0.9340621483701705,89.57354915964089,0
KLBN11,m1,156,5.539332578635489e-4,0.9984480840271012,0.14523807310539047,3.0493425217497325,10.663271803081866,0.38434670766036905,12.938722381554042,0.22711813107851408,0.5642719938055838,0.7541711126230242
KLBN11,m2,156,0.012897756921357223,1.0003690756421457,0.062279372673377915,3.0250510663624017,9.940304481279798,0.44574613088307724,14.751973195525796,0.14136951383336693,0.10492584029363444,0.9488895050870232
KLBN11,m3,156,0.0014187394477786581,1.0329088507073583,0.11698544760626832,3.1879075124393568,7.886817464981805,0.639891505188206,12.878105440064715,0.23056717457922127,0.5853354847450684,0.7462700534268935
KLBN11,m4,156,0.0014083395582073072,1.0327536489038518,0.11708992144436807,3.188055694893303,7.8867236122018385,0.6399006693401317,12.87968879131413,0.23047657758905826,0.5863334307817759,0.7458977776913256
KLBN3,m1,156,-0.09044624069203122,1.04442727078151,-0.09485889354485569,3.232143497288677,12.346040434445497,0.2625645871548552,21.83643597300312,0.01595988741387333,0.5842423734656295,0.7466780430176972
KLBN3,m2,156,-0.009438856769014745,0.9978048922828372,0.1630078656495062,3.110748467755363,10.35226160715991,0.4101505303369817,9.193102950502318,0.5138808399948113,0.7705846210698385,0.6802517623830052
KLBN3,m3,156,0.001246573727758399,1.0285660352299701,0.08555259809297011,3.4619857243273238,9.247120301872602,0.508822678077619,8.201077173554316,0.6092031987658629,1.577600684686462,0.4543895803784701
KLBN3,m4,156,0.0012367224962468132,1.0283865274668207,0.08571706240670714,3.4621766377074854,9.24695947058457,0.5088377112641227,8.203667967853427,0.6089504394909993,1.5794798733554045,0.453962839016382
KLBN4,m1,156,0.021230332419303388,1.0006807308757826,0.1316437410458426,3.1898796168818193,8.74885614045575,0.5560924616075731,15.056999362211519,0.1299975401194997,0.6849346863668798,0.7100163058792064
KLBN4,m2,156,0.023815843407657803,1.0006646152839187,0.10483829970708058,3.214417538268924,8.850275286139599,0.5463696239101146,15.164878747615239,0.12616530360001477,0.5846045208847466,0.7465428514947867
KLBN4,m3,156,0.0023067921769400267,1.0487652745468306,0.20785165937967243,3.3842103840453976,7.058495992124709,0.7199112760205227,12.231286068636908,0.2698756108942786,2.0827746448329956,0.3529646663387027
KLBN4,m4,156,0.002306411876049311,1.0487649673760793,0.20785186496807898,3.384211015429365,7.058495246996264,0.7199113466499479,12.231292042031813,0.26987522651651585,2.082780020490636,0.3529637176313749
LAVV3,m1,156,-0.019836015533306144,0.998056186754346,-0.19465110711609687,3.4737547143434733,30.30350637537828,7.639786226173451e-4,3.8605509906383295,0.9534185513731243,2.4439983318969034,0.2946405424023546
LAVV3,m2,156,-0.016475227981655072,0.9974963274907864,-0.22667589903549068,3.3167072020409525,28.597803184861846,0.001447114426558871,3.551175355946427,0.9653321068853701,1.987903480152204,0.3701112140199925
LAVV3,m3,156,-3.678586559543524e-5,0.9874360453074834,-0.25282563362379723,3.490387668901425,28.681264557106417,0.0014029565611783923,4.0530373361132535,0.9449226524916158,3.2250612542178603,0.19938241256815337
LAVV3,m4,156,-2.8449854913557195e-5,0.9866352654938688,-0.2520738109661383,3.4867280301248824,28.661568707090538,0.0014132578598033962,4.064542578879244,0.944388376304898,3.191948500059918,0.20271094112795285
LEVE3,m1,156,-0.0887678771455722,1.0396359906444612,0.3109636126655889,3.5643250114766807,6.3280163491209525,0.7869931039753792,7.815612544958888,0.6468420787443205,4.584165249210904,0.10105578128913262
LEVE3,m2,156,0.07428722667972688,1.0574120706619987,0.1703567500516635,3.371213489646492,6.014879556395434,0.8140115822556433,8.755879594532479,0.5554177173455112,1.6502534363132104,0.43817946365287286
LEVE3,m3,156,0.03434778264697384,1.035784301384851,0.10929517264839876,4.4218299511676,5.879338537509414,0.8252967266071931,5.798458655261997,0.8319020253942145,13.450983969112539,0.0011999300871949892
LEVE3,m4,156,0.03434834294784942,1.0357836552192798,0.1092954673503975,4.421829776577103,5.879339790664367,0.825296623503236,5.798466685294005,0.8319013745345649,13.45098241691528,0.001199931018459388
LIGT3,m1,156,0.034269866505226745,1.0529798153439218,0.6921989743183943,8.920826345284064,4.6356854602558,0.9141496950769465,6.09826414097778,0.8069410241414385,240.32282489279737,0
LIGT3,m2,156,-0.015055250384528268,1.0814679791285648,0.6923981668920071,7.5229560144877805,4.890689890296792,0.8983593131142392,7.350825825773143,0.6919614304400475,145.43614796784343,0
LIGT3,m3,156,0.01670114863541444,1.119344819154264,0.3572269992438204,7.162825153172936,9.775561121267184,0.4603999676304147,12.021498794376614,0.2836202431258026,115.95712551698767,0
LIGT3,m4,156,0.03495282499406264,1.0301855423161876,0.3928849760605931,7.454025430900308,5.879467541304071,0.8252861126325186,6.921296586880949,0.7328535662689921,132.96255021896081,0
LJQQ3,m1,156,-0.007691314220013811,1.0560239604656643,0.4551688471475045,3.172944199132716,15.52114120735382,0.11418545601412922,4.276734071635927,0.9340006946148571,5.581058688842062,0.06138870954184461
LJQQ3,m2,156,0.004046027941035837,1.0804152302237544,0.4391777388263089,3.1186892750531716,14.851656594304114,0.13756451580280027,5.970459990912767,0.8177389289452066,5.106370679377537,0.0778333450746892
LJQQ3,m3,156,0.004230551367327604,1.0507674445035298,0.38092336544177724,3.018716563170256,15.608004180875543,0.1114170864118601,5.607307400121247,0.8471065896632891,3.7749448821166243,0.1514541347096796
LJQQ3,m4,156,0.004231595815276962,1.050764433141119,0.3809244602230327,3.0187240219185907,15.60802943181534,0.11141629012520715,5.607331472038626,0.8471047122637382,3.774968382780679,0.15145235508376542
LOGG3,m1,156,0.003312669203077956,1.00015999716569,-0.011609681643845106,2.9693541726775923,9.889284495658776,0.450259930063321,11.758063113250708,0.3015747600717009,0.009608986164443691,0.995207030033038
LOGG3,m2,156,0.005197563285719157,1.0001164585755007,0.006774894790357325,2.974680759856823,10.42227798680745,0.40425836419434125,12.235599798648396,0.26959813314553305,0.005360294674211805,0.9973234410512494
LOGG3,m3,156,0.019211027639827846,1.0052705562826487,-0.08502804327198969,3.169250218785618,7.111586530970409,0.7148701862083584,5.1119534386956245,0.8835749518507364,0.3741706093426142,0.8293729839779022
LOGG3,m4,156,0.019193220439807947,1.0059346181922941,-0.07051139813783833,3.1485483179867066,7.019560448224034,0.723597045821543,5.068066405055979,0.8865849441121585,0.27270120699958966,0.872536664446866
LOGN3,m1,156,0.01287384613812865,1.0120041850703043,0.3884598849313123,4.357951315738854,3.1584033886619576,0.9774465291948184,5.276539802603634,0.8719559275730902,15.909634680681801,3.5096735646733546e-4
LOGN3,m2,156,0.01794348052255867,1.0117313617831054,0.32445450854717955,4.2081814553137695,3.3001739329312176,0.9734518669464116,5.6308179947073995,0.8452683881266607,12.225104719298024,0.00221489039528866
LOGN3,m3,156,-0.0034415819127167914,1.012241378673876,0.36535632673867113,4.418399843761112,2.9290412953232403,0.9830449373685933,4.965542750931884,0.8934678670322884,16.547694141767387,2.5510200558698237e-4
LOGN3,m4,156,-0.002080572105212899,1.0565255693891125,0.26618906259087843,5.2155496160745,6.014583004412507,0.8140365582177187,10.470774439597367,0.40020513626852994,33.7485627014894,4.6945365372863535e-08
LPSB3,m1,156,0.018410743193783205,0.9977733815901035,0.48136316476776136,3.617433508445417,8.927411084921927,0.5390061494492989,9.80012718296371,0.45820049387941164,8.502429799059014,0.014246914820540857
LPSB3,m2,156,0.019167444296869156,0.998156847173412,0.4761068546963084,3.6044542844747602,8.965671322759627,0.5353645755885998,9.525999935350939,0.483014366671321,8.268493547438423,0.016014723298452327
LPSB3,m3,156,-2.7312665234531817e-4,0.964289470075386,0.5148884902230901,4.049903625042686,7.07009262667757,0.7188116280280915,5.609894581080382,0.8469047569665022,14.057798633675064,8.859063463523276e-4
LPSB3,m4,156,-2.4036748522280677e-4,0.9632276716994326,0.5125010320098962,4.042991227461957,7.038318418022964,0.721822576371089,5.601872446227756,0.8475302216344108,13.899989556748316,9.586401593412175e-4
LREN3,m1,156,-0.008404325031636413,1.005365766163838,0.14865471738518218,2.6706846558363293,13.802904656006332,0.18217305092558467,8.406031270270008,0.589240752812417,1.2794697233832177,0.5274322479999114
LREN3,m2,156,-0.015429026954971621,1.0062770746964116,0.15231042336801523,2.6925669966879058,13.593322636536076,0.1923623829402219,9.67338565856358,0.4696002401139452,1.217507926645852,0.5440283261664264
LREN3,m3,156,-0.0010280919382380015,1.0490244014369676,-0.04161377260695401,2.998312327617153,17.32990157720557,0.06737545801556666,22.820929659104827,0.011427207988069954,0.04504287138263203,0.9777302786442633
LREN3,m4,156,-0.0010334135680046537,1.0490211790841262,-0.04161301014977478,2.99831334453598,17.32995920305261,0.06737429040825726,22.82143275567068,0.011425239711709612,0.045041199200109724,0.9777310961163468
LUPA3,m1,156,-0.005438440166875766,1.0131604989431056,0.6687072899602838,4.788781762918167,7.170702727628564,0.7092372868004058,6.877464189363707,0.7369602404672884,32.42471670056283,9.100436626496844e-8
LUPA3,m2,156,-0.0028665660105296675,1.0131995341978142,0.6790398515397251,4.768613300748581,7.159305718537859,0.7103247996669799,5.7220052844909475,0.8380533419664498,32.320427668757524,9.587564642199453e-8
LUPA3,m3,156,9.825728742449034e-4,0.9881776145259317,0.9709654445737214,6.176249347058823,5.163448787119315,0.879995298656342,7.906909863743699,0.6379294712996213,90.08776070395774,0
LUPA3,m4,156,0.0010716390484590403,0.9870615422019304,0.9675158196178159,6.161774111531614,5.170993004271385,0.8794665695316425,7.856396492880829,0.6428615750089104,89.31755935176406,0
LUXM4,m1,156,0.009141169900057783,0.9899366232506083,-0.885878561884527,8.791803603696811,12.079214440502973,0.27978996517595545,3.782832083319464,0.9566124486483147,238.44672988124142,0
LUXM4,m2,156,0.009140684148727148,0.9899365713185843,-0.8858781856245892,8.791805888924756,12.079218753410142,0.2797896803396074,3.7828374665943727,0.9566122321160117,238.446884611296,0
LUXM4,m3,156,0.04670005697175823,0.9886893209885668,-1.6027260740101075,9.494796560654006,8.684906226315492,0.5622452613711986,2.447734396753305,0.9916156602518581,340.9724879439484,0
LUXM4,m4,156,0.046709271430698245,0.9887120519908181,-1.602757337426009,9.494756862426513,8.685578900575255,0.5621804583971806,2.4476003542376223,0.9916175026637571,340.97174171273144,0
LWSA3,m1,156,0.02910569223850164,1.1275899790492891,0.05067145722675494,4.244340535920889,11.922929975479587,0.29024763854362023,15.840157219801846,0.10430042146630591,10.13124941169781,0.006309967797502702
LWSA3,m2,156,0.026410230627169365,1.0575111867804685,-0.18078929424070925,4.478895073065074,12.848079460945439,0.23229036263317215,9.062362184991501,0.5261955962223529,15.06615313309837,5.350894833002773e-4
LWSA3,m3,156,0.0033673516153561013,1.0666488988388712,0.05230804025962045,4.744054515552903,11.169439273038803,0.3444704644230763,12.554448756372585,0.24966030268521988,19.842359403903895,4.9123171887544004e-5
LWSA3,m4,156,0.0033640049288599628,1.066647352210233,0.05230236312112557,4.7440542459724995,11.16937198071968,0.3444755850002147,12.554180294184528,0.24967661663660856,19.84233785070498,4.912370127119203e-5
MBRF3,m1,156,0.007822118678790721,0.9958647102032637,0.5372350256736609,3.7557304286615585,4.774190958777116,0.9057427737788616,13.318010470283093,0.20643096218787316,11.21649341830745,0.0036674939075298507
MBRF3,m2,156,0.0035220432088637044,0.9984616277683954,0.49255977996482053,3.684820804285571,4.28190114041355,0.9337351490337029,13.984071003823374,0.17371941951659964,9.356360528698998,0.009295914612198697
MBRF3,m3,156,-1.5858347684909326e-4,1.007158823846871,0.7309361376335197,4.0502409452373005,6.78459177976787,0.7456122827919427,8.919672828568267,0.5397435584017175,21.060497849607867,2.671597318504304e-5
MBRF3,m4,156,-0.0025731172938679094,1.0017108595602573,0.5003524585731643,3.8318272200769345,4.1543162875215485,0.9401170679188738,13.30001894855319,0.20737779777940424,11.006754559201465,0.004072992549329579
MDIA3,m1,156,0.015124899181150588,1.0924403443749375,-0.22258022263625535,7.198792710856557,2.7406956706880536,0.9868851498834824,9.066272633142416,0.5258258410968506,115.88218233005297,0
MDIA3,m2,156,0.021896948922479058,1.0919726697157155,-0.22765142256833246,7.20752474866284,2.8077708016403653,0.9855927854359997,9.0192064839948909,0.530281785511241,116.41867374409897,0
MDIA3,m3,156,0.020939895791652265,1.094779516700882,-0.18269058130874305,7.380369566448972,3.5259400460456183,0.9662102502135497,9.756423170045554,0.46211685273424996,125.58741606234238,0
MDIA3,m4,156,0.020940487516627814,1.0947799079384,-0.1826890469035842,7.380365938018702,3.5259395034520633,0.9662102689447185,9.756403627569025,0.4621186074262813,125.58719486552607,0
MDNE3,m1,156,0.04812602653875782,0.9994507010825733,0.08456416731303967,3.240995300289855,11.936913247532086,0.28930086005671407,5.5500615725771345,0.8515437900628533,0.5634403341787251,0.7544847846686542
MDNE3,m2,156,-0.02667412464808561,1.0815460082405026,0.1714265871093889,2.956796083759773,8.788342730770626,0.5523016626665777,10.792544245340585,0.3739075934653465,0.776196703427497,0.6783456235285699
MDNE3,m3,156,-1.1285609795521767e-4,0.9962730936263196,0.12749928415724301,3.535685836454417,7.046840364099887,0.721015661380122,4.00748418148797,0.9470087263389109,2.2878933039319906,0.31855929493201374
MDNE3,m4,156,-1.1668997902489548e-4,0.9955206173445281,0.12774756549882013,3.5360944771894003,7.054604730275754,0.7202800740187854,4.006954115984051,0.9470327248399144,2.2923878278370964,0.31784421253855033
MEAL3,m1,156,0.012458410922800364,1.0036316518980959,-0.19759830134674203,4.717136215970011,5.331215529295115,0.8679832735964125,5.163877217456056,0.8799653018247496,20.180791403345815,4.1475996250373015e-5
MEAL3,m2,156,0.013680908843105563,1.0037188269025967,-0.22480391499965743,4.730559411075318,4.736694025445549,0.9080589175333575,4.59015883586674,0.9168234612129362,20.78038999437729,3.0732341242956096e-5
MEAL3,m3,156,3.693656364096646e-4,1.0547359661361284,-0.17234798646273689,6.176768490562556,9.7566019047473,0.46210080453495683,4.186192050961653,0.9385568332035824,66.369376816483907,3.885780586188048e-15
MEAL3,m4,156,3.7255173631810983e-4,1.0547360471062148,-0.1723480578879346,6.176769254650677,9.756601805197954,0.46210081347320364,4.186203025027146,0.9385562921205017,66.36940901191112,3.885780586188048e-15
MELK3,m1,156,0.0638967968406933,0.9990329611243484,0.8475662556557648,4.8577188484123255,5.175734366061227,0.87913371671598906,27.60633229825316,0.002086507480459354,41.109858079236346,1.1833350965773093e-9
MELK3,m2,156,0.06041242128924672,0.9894443348859411,0.8826237767119058,5.306309268162313,4.4639489878646375,0.9240004716206628,29.295792604589256,0.0011157669031623962,54.82854887432087,1.2420064976481626e-12
MELK3,m3,156,0.0025790137179001076,1.0673807881496349,0.8902942570963691,5.188943847100968,3.1729701282704106,0.9770552800005363,19.092476584253625,0.039103689840656264,51.752809047135855,5.781264356130578e-12
MELK3,m4,156,0.002578793431060831,1.0673807719904116,0.8902942718478098,5.188943934465081,3.1729699895176697,0.9770552837480442,19.092475054144902,0.03910370876111324,51.7528122161151,5.781264356130578e-12
MGEL4,m1,156,0.01686419452291532,1.0012448784529213,-0.07812141854417474,4.880112228049481,7.8878784274854565,0.6397879082383753,6.34686436573925,0.7853281518174167,23.135019792316903,9.468785594046736e-6
MGEL4,m2,156,0.046067355781176426,1.0003656138962094,-0.07336087204205312,4.542430117356873,7.570691442159181,0.6706906616046433,7.097930947318072,0.7161684632425915,15.604016591258045,4.0891293574163434e-4
MGEL4,m3,156,-3.373939904776987e-4,0.9858228473347943,0.21665519955412924,5.364682913829575,9.578456181978556,0.4782213062789229,9.01577142273203,0.5306074668588548,37.56664070206377,6.958371656651252e-9
MGEL4,m4,156,-3.253030670894634e-4,0.9853304543559985,0.21669237491913743,5.3659527383473975,9.566613734667438,0.47930159150443885,9.00423597118848,0.5317016139272014,37.60610555965856,6.822411857676514e-9
MGLU3,m1,156,0.011828918789807085,1.010498835215666,0.2556603866499514,3.09804451995088,15.812681721476665,0.10512162789761492,10.172801603911,0.42546595364377815,1.7619007971526588,0.41438888986138056
MGLU3,m2,156,0.016940289675548725,1.0101356148413176,0.21937154452832303,3.053083430475986,16.332314997877997,0.09050648759945101,10.122355390528412,0.42982505617653066,1.2695367671094326,0.5300582443072065
MGLU3,m3,156,-0.0016882592271567306,1.0289801876622688,0.31417622989675176,3.2416383395997492,13.534473827356019,0.19530377384988706,8.92187877437257,0.5395333150551849,2.9459033558049565,0.2292478198298189
MGLU3,m4,156,-0.0017003734196657488,1.0288654139298503,0.31411844309223363,3.2416454913505692,13.536199818544718,0.19521699925815827,8.919356662096462,0.5397736934218745,2.944981836243287,0.22935347234338588
MILS3,m1,156,-0.008425273060307914,1.019487954785653,-0.17520406952184664,3.5898886211104912,7.46138945937439,0.6812861437749922,12.086067081410588,0.2793376594309557,3.0599039199540563,0.21654606994430836
MILS3,m2,156,-0.0068624052264639555,1.0175309736953568,-0.15521544419694458,3.487231802640704,7.331347259646586,0.6938370292805642,13.07231771779801,0.21965652194621,2.1694540788279406,0.33799403235346226
MILS3,m3,156,-0.005485767158090944,1.027153927512156,-0.2696620492557099,3.613153505288328,7.607083219147135,0.6671551939361631,12.231175739386153,0.2698827104645871,4.334380077836377,0.11449890275973285
MILS3,m4,156,-0.005491355391246668,1.02714770781407,-0.26964878462376435,3.61317472761072,7.607474339987405,0.6671171778444693,12.231859663639229,0.269838702847218,4.334363246049028,0.11449986637437914
MNDL3,m1,156,0.031475838469072835,1.011408475363472,-0.3636154923468113,4.0385905832066875,20.40475802929648,0.025648605561664595,4.920255713799651,0.8964409036497163,10.44897948005641,0.005383106042780694
MNDL3,m2,156,0.0314758042885483,1.0114086888371887,-0.36361541950840826,4.038589796593282,20.40476515652398,0.02564854590653154,4.920260506882948,0.8964405911966244,10.448967482231069,0.00538313833566062
MNDL3,m3,156,9.286034872340058e-5,1.0640194102771905,0.011928507912070598,4.743504613888989,19.341199735284818,0.036136928899466736,10.24299957936326,0.4194391191424386,19.762453723065473,5.112551544839139e-5
MNDL3,m4,156,9.131379515020382e-5,1.0640186247387051,0.01192830344524663,4.7435041908241855,19.341209740680657,0.03613681384118117,10.242992384163362,0.4194397345337171,19.762444007239846,5.1125763812276404e-5
MNPR3,m1,156,-0.06817086203727439,0.9891363736662854,-0.21750108443564328,4.800598907740499,15.693287333137633,0.10875548977695382,22.010388452258844,0.015051765444149545,22.303991537613506,1.4346625950456549e-5
MNPR3,m2,156,0.04082973756769749,1.0001383220437203,0.43961104286494596,5.270260133066941,11.792128373495412,0.2992095013067242,12.717127567158341,0.23992035343655194,38.52623156088428,4.306605738690905e-9
MNPR3,m3,156,1.8361391819731265e-4,1.0161109526905643,0.3993315707475098,5.503567483375443,10.785998150006021,0.37443207361780684,14.084079321052744,0.16919092256032187,44.887134223084125,1.7901224946825778e-10
MNPR3,m4,156,1.82300259336242e-4,1.0163827804822636,0.39974314121439075,5.503808738592373,10.785924911918471,0.37443794404161423,14.087417442333782,0.16904144389766418,44.903537349081695,1.7755008574482645e-10
MOVI3,m1,156,0.01962181047302808,0.9984416725788958,-0.1241393217833581,3.323374678034307,18.90026127192875,0.04154795679607781,5.035403257506496,0.8888005235931353,1.0803875370932783,0.5826353450313697
MOVI3,m2,156,0.0450095124492502,1.0043275474837337,0.0049646707742657895,3.0206859685925984,21.500324143682565,0.01786265315499891,4.374903140983327,0.928853847462446,0.0034222572813088622,0.9982903345052954
MOVI3,m3,156,0.02694808816396282,0.9967108745475096,-0.21373356204560087,3.5331636106098037,18.919953880885114,0.04129124793844474,4.637116217891915,0.9140649436335695,3.0354452560723537,0.21921054286869646
MOVI3,m4,156,0.026949542490558375,0.9967151897357837,-0.2137255837064245,3.5331460658474683,18.919881909384166,0.04129218349136665,4.637064444771357,0.914068011199991,3.0352349823330727,0.21923359119055885
MRSA3B,m1,156,0.03796937131323557,0.974818153148587,0.10416505515834444,7.7430140002683965,16.181204730624938,0.09456137274414678,9.094280599345634,0.523180028887498,146.50729107044293,0
MRSA3B,m2,156,0.07058093764934292,0.9680962643631567,0.9814294207325368,8.719755553319025,12.421818351024145,0.257816925567771,7.622158107619474,0.6656896736621796,237.6947197380694,0
MRSA3B,m3,156,0.052401466658270356,1.0313131185450155,0.3984989684077487,7.791472943508654,15.531506398734324,0.11385203546081146,8.936845687735053,0.53810749005757,153.3572214178137,0
MRSA3B,m4,156,0.06078129098232079,0.9695541345339684,-0.11324617626292569,7.8827469085053234,16.53503386821202,0.08530673648094411,9.867800633015827,0.45216725250857603,155.3013550287615,0
MRVE3,m1,156,0.013417155714645159,1.0123986150448177,-0.4997087678534683,3.7176242242497586,3.729361073400294,0.9587312000531448,6.833085745829634,0.741103131713639,9.83982959640586,0.007299752772347956
MRVE3,m2,156,-0.016371108448512615,0.9994268360637278,-0.6220447931256414,3.9106165776933666,4.0890564763248545,0.9432400569101652,4.663635134422269,0.9124861340311201,15.450379426227641,4.4156306165532566e-4
MRVE3,m3,156,3.2175516914358473e-4,1.0164880066098627,-0.6817210159025612,4.076485467845707,5.095775793020567,0.8846888877928798,5.154159764523003,0.880644807056806,19.615668387743156,5.501887807635164e-5
MRVE3,m4,156,3.2501940144965267e-4,1.016492301092971,-0.6817205762393342,4.076489675307957,5.095647759348128,0.8846976833357866,5.154259758144408,0.8806378241378022,19.615711682560434,5.501768707316668e-5
MTRE3,m1,156,-0.07391049906314304,1.0327861167479515,0.19877583197249504,3.082065676736638,3.9717990067252518,0.9486102099748743,15.033554328563032,0.13084330644120667,1.071083655223873,0.5853520443059692
MTRE3,m2,156,-0.011272511635320748,0.9997587044808794,-0.22492440697826335,4.618601440396276,8.125710724866261,0.6165590886653249,14.8307501386343,0.13835532109986692,18.34452475876145,1.0388122493831808e-4
MTRE3,m3,156,0.026339994309960788,1.0187868673069516,0.021425286362220318,3.857939172302011,4.851739284485005,0.9008592522709616,11.272281146069545,0.3367020498971174,4.7963226671949535,0.09088490678108452
MTRE3,m4,156,0.026340714987965606,1.0187873395602556,0.02142590634426647,3.857938777251478,4.851727691305527,0.9008599916864519,11.272315124805049,0.33669950220220213,4.79631895185597,0.09088507561535986
MTSA4,m1,156,0.01469495659075844,1.0079572992135502,0.08893605066794896,3.152757504505652,17.728027337753364,0.05972843583866694,5.902490720168138,0.8233879066345584,0.35732670750687573,0.8363874186933444
MTSA4,m2,156,0.013013281165844565,1.0106207935355924,1.265350581602651e-4,2.9815212150747397,17.93301259294617,0.056104191818363125,5.358685225991102,0.8659666490111776,0.0022199419891860413,0.9988906447953539
MTSA4,m3,156,0.001302743094531058,0.9614228171531038,0.1869858343305758,3.518203135795798,19.501996175046838,0.034330819194730355,4.827852207199251,0.9023768650433178,2.654530442913734,0.2652015379558963
MTSA4,m4,156,0.0013821970302213772,0.9605764959479153,0.1854508003900661,3.5126262336305007,19.481597317927005,0.03455523983786857,4.836935070504886,0.901801200166086,2.6022987436384724,0.27221873261712803
MULT3,m1,156,0.011677816711188994,0.9992369407677766,-0.07150010031177316,2.903479509670882,10.009022952791973,0.4397020256261155,10.073508775252908,0.4340679651842789,0.19347420580636074,0.9077946313380487
MULT3,m2,156,0.026229425357190046,1.047704635567359,-0.1969799968186137,2.8239769523536546,7.0248174318528855,0.7230999770784192,4.271618592783418,0.9342630012053756,1.2102258342807868,0.5460127689581813
MULT3,m3,156,0.006456787323026807,0.9788797586273761,-0.12046637914166416,3.039291657479964,11.034711702885971,0.3548200426397443,7.820335548039497,0.6463812045558668,0.38735078434998094,0.8239253134686447
MULT3,m4,156,0.005268370939837003,0.9701498415548996,-0.11629944755469339,3.027454845328367,11.025546064086464,0.3555311935840293,7.675858961666448,0.6604647985382421,0.35656409449772813,0.8367063994672931
MWET4,m1,156,-0.019350475052015738,0.996454011671687,0.9703714857718823,5.8693923638299665,5.991144972431448,0.8160066558745618,6.705043420477647,0.7529662761857285,77.99932282481454,0
MWET4,m2,156,-0.019009895073832495,0.9965595269036179,0.969110589617922,5.90839930847242,6.040127591970357,0.811880699535605,6.900887500957953,0.7347674867442113,79.40067120154802,0
MWET4,m3,156,0.0011296784702649904,0.9773640100225586,1.189882403816521,7.7969052157570955,8.608410890484144,0.5696253811124603,11.549858138784698,0.3163112769021479,186.37827122594135,0
MWET4,m4,156,0.0011417502907077458,0.9771471322578624,1.1897874326437818,7.791355467729797,8.602555199484442,0.5701911785956659,11.529245597674443,0.3177963375464563,186.02651442474158,0
MYPK3,m1,156,-0.006749709000230256,1.0116655540244186,0.2738318803859023,3.939448370265705,9.649099813777884,0.47179917002754945,13.524634105455007,0.19579905322275937,7.686242429174435,0.021426619789322032
MYPK3,m2,156,-0.01014916627747071,1.0111669853041012,0.1994421010958886,3.7636211139947595,10.5009587448264,0.3976940599725882,8.859230610326934,0.5455132949253296,4.824467781228993,0.08961488096304793
MYPK3,m3,156,-0.0011137998533156431,0.9805604733381431,0.41804232404738023,4.5259338765688835,9.523524994885445,0.4832410106874505,9.212878946282329,0.5120269296694543,19.678826273861855,5.3308586781208867e-5
MYPK3,m4,156,-0.0011519880109132187,0.980386035653414,0.41874278778591206,4.526016589029657,9.524268841199603,0.4831728878387229,9.218848167192377,0.5114678145907486,19.69570667534977,5.28605450482722e-5
NEOE3,m1,156,0.012666891730700892,0.9986376977458282,0.18867383090165196,3.2838011103255718,10.10388694519585,0.4314267276026116,20.118551088272202,0.02815112489428362,1.449073132587912,0.48454907330270436
NEOE3,m2,156,0.007774615375254325,1.0006919809407009,0.2725657208397527,3.1952898383145762,10.526663065956182,0.395562781129547,18.167094548960595,0.05220956334155391,2.1794916627673127,0.33630196024872694
NEOE3,m3,156,0.021906831883308914,1.0100334614482507,0.4416073897031511,4.800529337227856,8.53880335500259,0.5763583955655653,17.27367107547753,0.06852346021768829,26.142832565069394,2.1045344429371227e-6
NEOE3,m4,156,0.061708680236906795,1.0046295813457022,0.3944382851288664,4.124084861500691,9.928144852847089,0.44681988646320403,16.34387970479439,0.09020253442184101,12.258304623218091,0.002178426805367506
NEXP3,m1,156,-0.04601855572804372,1.0399804928791718,-0.3463588966149991,7.539735762336465,4.599922982053709,0.9162537824413481,7.742478611041279,0.6539748503281457,137.07888176381158,0
NEXP3,m2,156,-0.037414746238074614,1.041607771653432,-0.3588731127596633,7.466124957193442,4.685946646257854,0.9111461547533465,7.527461935676401,0.6748856512042636,132.99930655383685,0
NEXP3,m3,156,0.06930986423439726,1.0299546976274732,-1.0001557155473337,11.873710005945123,5.541375376892483,0.8522122295367733,9.354688460432156,0.49880542029568864,537.8358380913605,0
NEXP3,m4,156,0.061191059638454566,1.0259899246724764,-0.975822000488316,11.960971538688204,5.526799993505859,0.8533309735597739,10.048976241162837,0.43620699230865867,546.7015139542327,0
NGRD3,m1,156,0.005002416856163355,1.0354694697373104,0.24442012679735226,5.983873201144449,4.881480047135909,0.8989532428965572,9.242234561625,0.5092794295821569,59.4260164812766,1.2467804566540508e-13
NGRD3,m2,156,0.009763111028517745,1.0260536552073067,0.15649873053215693,5.956383513327112,7.490810053902744,0.6784379138927801,10.059653806040293,0.43527533943960284,57.4481107752829,3.3517633113433476e-13
NGRD3,m3,156,0.01428649003379995,1.0390762700178562,0.12027169456813756,6.229201805597754,4.5613228234164005,0.9184938185610191,9.057202081755252,0.5266836430238206,68.15643525166422,1.5543122344752192e-15
NGRD3,m4,156,0.01428540222923389,1.0390805703980754,0.12027124307146769,6.2291443350695905,4.561413611107228,0.9184885878857949,9.057579192657842,0.5266479705788487,68.15401985828703,1.5543122344752192e-15
NUTR3,m1,156,-0.02415994526726587,1.1642010624698118,0.9843041321202348,6.161040866308556,13.509576581952722,0.19655889833358509,4.830870199127056,0.9021857771651998,90.13938606730605,0
NUTR3,m2,156,-0.10355886754697621,1.1588020646077417,1.2825145132198001,8.820717761994219,14.1226507349371,0.1674702856288397,3.577906631670918,0.9643866458993143,262.9908396132724,0
NUTR3,m3,156,0.03450440887438754,1.2381420443501816,2.853931759731993,22.881288085595745,16.133843928578496,0.0958645312362223,2.2402663722144966,0.9941449209696984,2780.9945923453133,0
NUTR3,m4,156,0.03450633723661709,1.2381419637334803,2.8539311534851275,22.88128274396794,16.133851157050337,0.0958643311502747,2.2402613693135094,0.9941449744988388,2780.9931217960398,0
ODPV3,m1,156,-0.008310923075525865,0.9960614984188282,0.534319946783191,4.697386397716015,8.080077453325003,0.6210152165450099,2.859924676469631,0.9845308806720883,26.15022673427396,2.096768166204299e-6
ODPV3,m2,156,-0.015093803543395607,0.9963177705194254,0.5256015011052123,4.6575369423897115,8.072462189539007,0.6217589669889448,3.798331985025062,0.9559863006114143,25.04096703707848,3.6510946963552726e-6
ODPV3,m3,156,2.5934108390164725e-4,0.9782707665053091,0.5516527960321268,5.162680310654987,7.965086720700452,0.6322473398679989,3.0314993903059255,0.9806730208920156,38.31405081123751,4.788611174255664e-9
ODPV3,m4,156,2.86539080788742e-4,0.9769527242759104,0.5482904508378716,5.141463179186892,7.967130555492158,0.6320476983100283,3.032625479901653,0.9806458089022684,37.62430244126591,6.760620063772649e-9
OFSA3,m1,156,-0.024870557164987376,0.9244992233622172,-0.1214702003267463,5.246720021736638,5.911460420769092,0.8226462654186528,8.637750791130303,0.566792239920328,33.19401081322273,6.194583845875457e-8
OFSA3,m2,156,0.04164526770878991,0.99029660240215,-0.16234436260158056,4.968726498641332,6.619506418712837,0.7608110023602852,8.851934602964775,0.5462109282549653,25.878494165723026,2.401908128724095e-6
OFSA3,m3,156,5.935362203361965e-4,0.9742098884766652,-0.36085529634788277,6.633627126805411,5.415731045334607,0.861735136926357,9.763605687864093,0.4614721535890246,89.20672979572517,0
OFSA3,m4,156,5.543991097578e-4,0.9742161739060451,-0.3608655067717665,6.6336971371636615,5.415661234076321,0.8617403510092139,9.764078020027437,0.4614297719326591,89.21022851352276,0
OIBR3,m1,156,-0.3229663333225759,0.952573905589615,0.20421684830061287,6.991822889775271,14.743642864860718,0.14169144657102062,2.797265136802446,0.9858006103456463,104.6595424410453,0
OIBR3,m2,156,0.1982802347025185,0.8858602370971342,-1.8735332450865476,13.606486978637863,3.7066313894485146,0.9596124837363582,4.814588610838291,0.9032144196092485,822.4974765136523,0
OIBR3,m3,156,-0.0012691238864825738,0.8770216505360293,-1.529982109016057,23.691511730935858,12.389053564368655,0.2598619013309589,5.915460058545935,0.8223151841837748,2843.763251726101,0
OIBR3,m4,156,-0.0013059410528698358,0.8750711140353616,-1.5452000283875138,23.73523695694915,12.302229979656257,0.26533848558990336,5.821805201373008,0.8300055358212458,2856.7540571163445,0
OIBR4,m1,156,-0.11748738735729712,1.0051588255471984,-0.6621647474959106,10.314834951375747,6.864972735799554,0.7381279113029221,9.888975258363287,0.45028735626723737,359.1942833516279,0
OIBR4,m2,156,-0.12297930390813848,1.0043767324804544,-0.8181714207221076,10.600673275564352,7.294280896974199,0.6974015215187429,9.702112255313349,0.4670051886042994,392.9110388880552,0
OIBR4,m3,156,-0.01776098146978927,0.9989933852447768,-0.7567742975323895,9.5957448826756,7.5746086895635205,0.6703102697161019,12.015438603669606,0.28402458088476745,297.6654193952656,0
OIBR4,m4,156,-0.011082958589382219,0.9293007508252646,-0.4995767575224561,8.634103517602734,8.030830369746106,0.6258253493723782,10.111947081325267,0.43072733424558174,212.8192962589858,0
OSXB3,m1,156,-0.0032723332599000035,1.0423688896573793,-0.4684606076489617,7.30850823578176,11.012899767206347,0.3565138736211,10.457069571483377,0.4013482244803386,126.36691977958485,0
OSXB3,m2,156,-0.006691548509066939,1.0453101103367701,-0.30408719627296704,6.890803677962831,11.687284659263751,0.30653040226365613,11.82962894396055,0.29662065836407414,100.80349078928509,0
OSXB3,m3,156,0.003098660164433112,1.1186907857454502,-0.2219321214707262,7.414706214808064,11.90596342835233,0.2913993363193377,8.78044382933625,0.553059447202195,127.96320178997495,0
OSXB3,m4,156,0.003097992854051743,1.1186911073495147,-0.22193217155496517,7.414703252312171,11.905956123372636,0.29139983287635163,8.78043676502609,0.5530601250392878,127.96303234689059,0
PATI3,m1,156,-0.012732776429179306,0.9987455928213234,-0.08825448416047704,5.910593764324558,8.657519315379492,0.5648850586110206,14.277509845515436,0.16070567883851217,55.26762459934769,9.972023207183156e-13
PATI3,m2,156,-0.011025739871642412,0.9981799897512268,-0.016871447050737374,5.794595828227708,8.151253019534973,0.6140655121649706,13.363219410522122,0.20406673380764462,50.770878769325336,9.445888515813294e-12
PATI3,m3,156,0.022047063669636803,0.9970809896586891,-0.1689399617460264,5.598524011134087,8.578185924237696,0.572547058515733,11.354263101950917,0.330591743777223,44.63218421440597,2.033501145248806e-10
PATI3,m4,156,0.00125451744731077,0.9971018958763214,0.03846830866082155,5.7656546734282665,7.616307692540739,0.6662584938627241,12.816538475460586,0.2341110399557096,49.755972602313314,1.5690226895515025e-11
PATI4,m1,156,0.07233664783432002,1.0062917016887984,-0.9193684893775997,7.0027494336878275,21.50972636963448,0.017806642257152228,11.830905255289903,0.296532824145042,126.11921858854515,0
PATI4,m2,156,0.07233760039986435,1.0062918095053106,-0.919368914232575,7.0027414270887,21.50976732121904,0.017806398662075784,11.830912648183771,0.296532315427793,126.11882227074531,0
PATI4,m3,156,0.030569454758968807,1.0107618475762103,-0.8686996644420941,6.757105623765027,18.702948359065882,0.04420199710271222,8.975167595274597,0.5344618805781347,111.37359412487115,0
PATI4,m4,156,0.030569483796281428,1.0107621991551028,-0.8687033866275878,6.757097053054787,18.7029214738797,0.044202369066073666,8.975022380462951,0.5344756808866808,111.37334365186852,0
PCAR3,m1,156,0.035302286750999445,0.9975651569326044,-4.22427556540435,39.32830359026964,6.8643795906888325,0.7381833272121726,0.5139727120962018,0.9999924551386743,9042.303776718465,0
PCAR3,m2,156,-0.01955240300582748,0.9981191248836813,-3.197824288156373,29.70697806978151,7.679565181697624,0.6601039680267297,1.3509417611746728,0.9993294484589887,4902.085489154631,0
PCAR3,m3,156,-0.011932924408409054,1.17508826688606,-4.380446735973741,40.61529567624249,5.33741120232745,0.8675296351172308,0.32876236046398466,0.9999991276210415,9695.814201046735,0
PCAR3,m4,156,-0.011931796840787831,1.175088294718824,-4.380447189040106,40.61530209562091,5.337410782799323,0.867529665858258,0.3287622106988509,0.9999991276229743,9695.81744331655,0
PDGR3,m1,156,0.0054475892706637545,1.0015157572731508,-3.5138948308916027,31.17920236529671,11.171646073818254,0.34430256605533915,0.4817759848326222,0.9999944669113824,5482.472277584968,0
PDGR3,m2,156,-0.053401134239185535,0.907210928997869,-2.4986860134680446,15.531111612896936,2.9471782427228574,0.9826399194186893,0.8487686485614874,0.9999193099192571,1183.0161552981444,0
PDGR3,m3,156,-0.0011634471668992188,0.9385000935044084,-5.186008295409849,38.10100029499965,5.780818394994692,0.8333294233413028,0.5185441744130358,0.999992128496176,8707.78317415373,0
PDGR3,m4,156,-0.0011687281204817506,0.938333466101721,-5.190254417789242,38.15453597474915,5.761018567395666,0.8349258182489527,0.5181025024944668,0.9999921605285609,8733.376361355455,0
PDTC3,m1,156,0.06240354852990517,1.0003913031314386,0.032151800893492136,3.598256024265834,17.41685651873534,0.06563406401049365,9.008334959473254,0.5313127405279932,2.3532939545254137,0.30831078046134264
PDTC3,m2,156,0.05260163319494835,1.001045936538739,0.11228918470473041,3.6024045337284023,18.764592235200055,0.043356625199371335,9.42194839669314,0.49258104507149403,2.6866233307104497,0.2609799576149754
PDTC3,m3,156,3.415512880689509e-5,1.0009601363686305,0.4831256597696509,4.00820208802846,18.50011073385464,0.047091099614851695,6.290005450014413,0.7903381767102058,12.675734908306524,0.001768068706899495
PDTC3,m4,156,4.698670731827392e-5,1.000213610853778,0.482912474427758,4.008205437085143,18.497110351513328,0.04713509930192017,6.2907112104637,0.7902762235188177,12.670424228798733,0.001772769768720539
PEAB3,m1,156,-0.028182908804962374,1.0005135292446654,-0.24469422596329984,8.12943859143996,10.280827044594151,0.41621053168287037,5.818068326969757,0.8303096503111689,172.57916858151242,0
PEAB3,m2,156,-0.02818256959724076,1.0005130948096475,-0.24469464698711893,8.129439380811878,10.280824280459512,0.4162107671102798,5.818064123297712,0.8303099922947215,172.57922657612247,0
PEAB3,m3,156,0.03020528373336108,1.000406082298877,-0.29849195335532985,7.932686176274297,10.411507797336983,0.405161629477248,5.99528564934319,0.8156591681629344,160.47058754011405,0
PEAB3,m4,156,0.030205429196715268,1.0004093076442577,-0.29849082275826183,7.932672069591336,10.41154182710996,0.40515877371992914,5.995306116700264,0.815657449933824,160.46966540286573,0
PEAB4,m1,156,-0.036791973677086066,1.051686842394979,-2.604224693720633,20.87512406153343,33.432481360135405,2.303452906005088e-4,2.9100261105202554,0.9834627932287155,2253.2120340388665,0
PEAB4,m2,156,-0.0665797406142486,1.009426582015152,-3.8007716454634846,31.589270464304743,23.008502890449687,0.010715236276547357,0.8675613671689825,0.9999106674195871,5688.3439995525305,0
PEAB4,m3,156,0.0019167663115687908,1.191252366051617,-2.8978259756262834,27.84497945822617,36.11598147250365,8.03988423584423e-5,7.8635583831727125,0.6421624108339686,4230.606807828297,0
PEAB4,m4,156,0.001914753486296908,1.191252052192953,-2.897826357101325,27.844986999753562,36.115985003856075,8.039872992604558e-5,7.863545507184303,0.6421636678643898,4230.609301110194,0
PETR3,m1,156,-0.008769811310443971,1.0014659764787242,-0.3328888824927095,3.8959464035496105,9.31243236302672,0.5027315019319878,6.922999963799535,0.7326936886301062,8.098869937486013,0.017432221607396214
PETR3,m2,156,-0.0031224510130404936,1.001794091533914,-0.24410388746048486,3.797741694949756,8.725990527730595,0.5582905608014448,5.45986105453674,0.8584218485465779,5.685801181804862,0.05825644255192697
PETR3,m3,156,-4.758968247999147e-4,0.9857953442450319,-0.27904687038497117,3.811545664646167,8.075074952859872,0.6215037865032326,6.396268679758948,0.7809446941282185,6.305487430401749,0.04273471398258
PETR3,m4,156,-4.500077185258241e-4,0.9856749447803683,-0.2795185566526229,3.8123929183975913,8.071788937343934,0.6218247219307995,6.403458027322347,0.7803045197057674,6.321280861448914,0.04239857903104949
PETR4,m1,156,-0.06143659761891131,0.9151573602695942,0.16250537625932107,2.8661322094264152,10.852524440058659,0.36912263741837936,5.1270537254771495,0.8825305948095589,0.8030917349376168,0.6692846206042249
PETR4,m2,156,-0.10589338673296415,0.9579499042834569,-0.019234633548599073,2.8365287248063495,12.029938066332223,0.2830578547838605,5.614845493718346,0.8465182133304944,0.18331782510881947,0.9124163102241424
PETR4,m3,156,2.474587273917983e-4,1.008917059857915,-0.1876134682765873,3.784156110351313,8.42765223479027,0.5871398011747885,5.775545613958358,0.833755146292891,4.912024385556473,0.08577632930487933
PETR4,m4,156,2.7062251063950836e-4,1.008931655182708,-0.18763957428320682,3.7841762915876846,8.427584686989714,0.5871463631616873,5.77570739478962,0.8337420905711549,4.912484821640148,0.08575658431922395
PFRM3,m1,156,-0.013231524130074465,1.006323746847373,0.2242579500281859,2.9863880289646443,10.747753856377226,0.3775051006171979,13.670364507271184,0.18856513438536626,1.3087866893324906,0.5197572804895365
PFRM3,m2,156,-0.01095094410270756,1.0067871937610098,0.18672277654110872,2.750973931200943,12.72864974767147,0.23924149969586395,5.499558885200343,0.8554121038772142,1.3095911663795756,0.5195482561300752
PFRM3,m3,156,0.0012958539189093724,1.038859641644437,0.2674439902378795,3.120702688455281,10.786341164226169,0.374404579935407,16.341628263688335,0.09026163835883216,1.9543828892754957,0.3763666624611539
PFRM3,m4,156,0.0012912673847140844,1.0387109324318426,0.2674305552071775,3.1207229403773087,10.785835919624466,0.3744450773239216,16.34448495450083,0.09018665143912852,1.9542278324856306,0.3763958426955345
PGMN3,m1,156,-0.03606913580387186,1.0332607049883464,-0.0929510332708382,3.965375136182375,11.1800410128468,0.34366434081831376,4.513141412046431,0.9212444525617941,6.282306757373416,0.043232905223471674
PGMN3,m2,156,0.02765072472601923,1.0070628049301313,-0.2649711904250468,4.015143165131008,11.22699276916432,0.34010888834401876,4.7184703495651705,0.909173851968767,8.52380472276623,0.014095462225378275
PGMN3,m3,156,-8.008993907465314e-4,1.0292660134272564,-0.10001452807869692,4.506132995304116,11.230274723300262,0.3398612532946925,5.124868734193481,0.8826819862818233,15.004913448531273,5.517272620575442e-4
PGMN3,m4,156,-8.018990121684255e-4,1.0292669512813626,-0.10001810894614895,4.506135031477435,11.230280136585007,0.33986084493973423,5.124805638334804,0.8826863566263013,15.004971939829234,5.517111266716279e-4
PINE3,m1,156,-0.2710825903768791,3.408211913668422,-10.805735871267617,129.06096742315034,0.7524316742004911,0.9999540304978093,0.09453610686904991,0.9999999981095721,106329.75092050325,0
PINE3,m2,156,-0.25010524695520425,3.2464898352803297,-10.625430397770671,126.21931125097987,0.944455337356771,0.9998676702708443,0.09731918222665313,0.9999999978169647,101624.88537316266,0
PINE3,m3,156,-0.04600670095122328,1.3129300940775395,-3.455387591181483,41.03663415872841,15.939432234094085,0.10137939852489164,11.481294963766498,0.3212691589172598,9714.538286349707,0
PINE3,m4,156,-0.046005187366637834,1.3129301505165043,-3.455388199157279,41.036639750075025,15.939426808788541,0.10137955619556926,11.481305057804187,0.3212684251888358,9714.54116037918,0
PINE4,m1,156,0.04219073161227283,1.0102219806642658,0.7199977779541932,4.203241205598584,14.438944839578925,0.15389478234874931,10.330777291319297,0.41196799133371487,22.88894789926056,1.0708487039545744e-5
PINE4,m2,156,0.010504529951521489,1.019379512915903,0.5978528923710924,4.065745399550143,15.461278541807292,0.11612752838202645,15.670555362540025,0.10945951368281437,16.675916272133414,2.392603816570027e-4
PINE4,m3,156,0.021924340714054396,1.0061699261557355,0.7230422602750883,4.0679281659369755,16.2691895499703,0.09218148466139586,9.878219116308799,0.4512418202201085,21.005601553146217,2.7459433809551292e-5
PINE4,m4,156,0.021924512247261895,1.0061714773906951,0.723044439867592,4.067941411611116,16.26915025520046,0.09218253572682256,9.87798642302994,0.4512624794447262,21.005867393730068,2.745578413609895e-5
PLAS3,m1,156,-0.01967622545494931,1.0096967261631236,0.015105089584225202,3.744039662345947,11.064868097058051,0.35248657029875186,13.115272085608977,0.21729806857032585,3.6042998814501934,0.16494388716234498
PLAS3,m2,156,0.04344473217423447,1.021915143603905,0.05851727591783073,3.693566207207093,9.072774319009437,0.5252112580084992,15.612755190417941,0.11126734990866549,3.215752605669537,0.20031256590930935
PLAS3,m3,156,-3.979228992141064e-4,1.0415282427368997,-0.13242466933636832,4.113716254445847,10.55622465415745,0.39311979413836873,11.391626680259535,0.32783132387175073,8.518308939479768,0.014134248293785623
PLAS3,m4,156,-3.93810637119042e-4,1.0415286988655468,-0.1324245638226267,4.113716245426304,10.55621929696656,0.39312023607040003,11.391505843170384,0.3278402266511833,8.51830808231594,0.014134254351470088
PLPL3,m1,156,0.009199407539842622,1.005358921209783,-0.1178627372324878,2.5909489209306944,8.205801294533948,0.608742317099161,8.115968225121652,0.6175103391612308,1.4487803498967506,0.48462001228584495
PLPL3,m2,156,0.008362672616058787,1.0053581251596115,-0.11509088241228649,2.5872649753793455,8.2533230520437,0.6041077511067565,8.107179365113208,0.6183685339376405,1.4516699951413872,0.4839203279104899
PLPL3,m3,156,0.0010004429656844424,1.0201813128252601,-0.05921668343302856,2.7333119754125668,6.522010466064139,0.7696672837360197,8.529220031717367,0.5772865722827879,0.5534682714962504,0.7582560634957237
PLPL3,m4,156,0.0010045965675424303,1.0202059938592192,-0.059219996370364215,2.7332948858973003,6.522092920196484,0.7696598339701828,8.529422247471135,0.5772669841481856,0.5535377234982263,0.758229732752097
PMAM3,m1,156,0.04220454670590528,0.9934306930764996,1.3930721067859213,8.235643279110535,5.71945614504707,0.8382568574673754,18.05830342516508,0.053988073660722224,228.63464081194869,0
PMAM3,m2,156,0.11271822554163831,0.9745703850071348,-0.040962700893688246,3.8980737005209223,5.039501544117804,0.8885236917671672,4.8200435058941755,0.9028704034696791,5.286112929664902,0.071143489333925
PMAM3,m3,156,-0.023777069622193555,1.0220164392291278,1.5817874655806967,9.64793773576611,5.167606826909748,0.879704021717755,2.3059497753899785,0.9934120305245505,352.32133614402306,0
PMAM3,m4,156,-0.016943696439057267,1.0070376603636124,1.495690146039977,9.52462523645279,5.330860382745769,0.8680092556392294,2.3242705635157552,0.993196675791993,334.8740884320064,0
PNVL3,m1,156,0.018698782255693484,1.005900973952085,0.3491019759292935,3.889643015608643,13.559731072283085,0.19403701271990315,11.932017174740992,0.2896321149512866,8.31319744847924,0.015660733910253577
PNVL3,m2,156,0.02552852103857845,1.0103453778292795,0.206995360262899,3.666901170602023,12.900643965747419,0.22928011208324606,7.604996074331214,0.66735805335345,4.004945672206819,0.1350010347034054
PNVL3,m3,156,8.523522093732634e-4,0.9680109433787647,0.3347166067278105,3.6982173919716104,14.522237945688271,0.15047517330755078,11.62338320729421,0.311052338405001,6.08171429923953,0.04779390540411477
PNVL3,m4,156,9.638564616718617e-4,0.9666521519130525,0.33189893974587226,3.691379819118449,14.5328784370079,0.1500429065462865,11.576109566586307,0.3144267546572713,5.971118914162959,0.05051123677374081
POMO3,m1,156,-0.005492080373621572,1.0174392673179016,0.2467171898678035,3.5766896034573734,13.448204444903869,0.19968011586288203,3.5142195376969423,0.966613356758905,3.7443145079657745,0.15379153630017084
POMO3,m2,156,-0.0021306163080801544,1.0140729686779753,0.2082221537871636,3.289032746003173,13.233969819031246,0.2108829440810951,3.9988716685907395,0.9473978693149375,1.6702776322257735,0.43381425684416597
POMO3,m3,156,0.0023239368015024603,1.0386772294102895,0.19404028853692823,3.4902467963947394,13.417491388569296,0.2012567417893414,4.2790049319050185,0.9338840642167263,2.5411649619023366,0.2806680903398058
POMO3,m4,156,0.002319932112989633,1.03867318946206,0.19404279822178,3.490250580416821,13.41751199737317,0.20125568057104704,4.279021914062535,0.9338831915864412,2.5412144014788924,0.28066115236978906
POMO4,m1,156,-0.015115617153286184,0.9958873390289994,0.09767805067968113,2.987040175902819,8.612712107367688,0.5692098569111603,6.601450371678585,0.7624581988128365,0.24915776196323547,0.8828686170764648
POMO4,m2,156,-0.012558174933054018,0.9953582026776943,0.10874198124625624,2.9976293875691753,8.16660328491383,0.612567214475525,6.596224967031152,0.7629343107316183,0.30748180934082153,0.8574941649652768
POMO4,m3,156,3.427934947997091e-4,1.009030259508,0.015761087831805576,3.121456482172048,11.356385325020904,0.330434544464955,7.725045289040553,0.6556739415507908,0.10234461003114749,0.9501149468569118
POMO4,m4,156,3.3622070899762637e-4,1.0089876857248292,0.015810521632764283,3.1214673333066085,11.356362684364703,0.33043622126491634,7.725145596519529,0.6556641668302654,0.10240232234582454,0.9500875305860815
POSI3,m1,156,0.01071184141138922,1.039754801134956,0.35372715566617857,2.870774257863833,4.246790114781723,0.9355278191143291,16.273124589588733,0.09207628246958577,3.3617408178469885,0.18621182504663092
POSI3,m2,156,0.02869817223660953,1.0363463963929314,0.2954448128325869,2.759659893839946,3.850702372522072,0.953830796304365,14.092432673692674,0.1688170680298916,2.6449404562604113,0.2664762311910861
POSI3,m3,156,0.0020050911042937135,1.0559960028607036,0.46858514380732447,3.0350503872768186,3.3519475615460177,0.9718878927448099,12.980726978264862,0.2247513905287608,5.716858404633862,0.057358788591035825
POSI3,m4,156,0.0020067472049498285,1.05599615216273,0.46858507163804847,3.0350499792703842,3.3519483041958806,0.9718878699022014,12.98073048670372,0.22475119364061913,5.716856460217464,0.05735884435574745
PPLA11,m1,156,-0.09011342092293094,1.0028435712379877,-0.5266858935624762,4.5413117320373395,9.329146482123967,0.5011771507633965,7.262682004999253,0.7004352050023941,22.654020851973936,1.2043199357880674e-5
PPLA11,m2,156,-0.09302070575172998,1.0028619547459718,-0.5187689810197086,4.519905036402122,9.142993207427256,0.5185889885909997,6.9561955062494745,0.7295737956642586,22.012876225297376,1.6594518754353693e-5
PPLA11,m3,156,-0.1168315313420562,0.999558351548479,-0.33532882079839393,4.519990782958757,8.471679497294598,0.5828652055684235,7.269881390470563,0.6997444404580719,17.94099874132634,1.2710470394439177e-4
PPLA11,m4,156,-0.11683618769783816,0.9995564337944555,-0.3353327854494138,4.519983371660475,8.471692532168332,0.5828639407686798,7.270095043144487,0.6997239371443358,17.940921427737088,1.2710961749973215e-4
PRIO3,m1,156,-0.05571721424623512,1.0588965932544931,-0.15505272849465476,4.267054083005459,6.279129591254877,0.7912921303090205,9.933757317248793,0.4463241200460901,11.060344384149799,0.003965306235993449
PRIO3,m2,156,0.01627036012610471,1.0421290687899236,0.03639739693715084,3.4366541496402907,8.00028671213906,0.6288089281612094,12.907712711219803,0.22887758432194716,1.2737785346863684,0.5289352436677888
PRIO3,m3,156,4.934915695572956e-4,1.0268587303340866,-0.26966328537686346,4.308809399380496,7.032026131131008,0.7224180711239001,6.723333569199664,0.7512802584206011,13.02505875988011,0.0014847195497649235
PRIO3,m4,156,4.934201999273735e-4,1.0268547016366747,-0.26966121855151565,4.3087999521803315,7.032025112710825,0.7224181674851877,6.723267464517217,0.7512863573687444,13.024869038934943,0.001484860397643395
PRNR3,m1,156,-0.00892600447497043,1.0032840539950398,-0.0279789587483948,3.30344660621703,11.800074442112388,0.29865963867967205,5.683540190795568,0.8411132351142301,0.6188723538088684,0.7338606071595981
PRNR3,m2,156,-0.007011215856144963,1.003330642553118,-0.04297423449625828,3.3377568758933145,11.861152038769616,0.29445658861338386,5.763641402250046,0.834714698841672,0.7895345024798993,0.6738368556913819
PRNR3,m3,156,0.0020280906119703886,1.0517682398439063,0.08079727465251384,4.065106970974572,12.408882403913417,0.2586228862766575,5.739833918142817,0.8366270768852633,7.5436767768941975,0.023009723570743934
PRNR3,m4,156,0.002028667412206061,1.0517682847764982,0.08079729347037787,4.0651071598729684,12.408881847862263,0.25862292096069506,5.739829272874194,0.8366274491549046,7.543679471517894,0.02300969256949159
PSSA3,m1,156,-0.040652568143810415,1.0036128233044201,0.3560883632414968,3.7344576433668792,8.00359248972272,0.628486008589852,8.074908837153385,0.6215200104176681,6.803054177686407,0.03332234490554642
PSSA3,m2,156,0.015222688522638458,1.0010957754972853,0.21791965532985277,3.5118492277651625,9.064130905508533,0.526028343118409,10.93297167499274,0.3627639472197115,2.9376459884207833,0.23019626813925798
PSSA3,m3,156,-8.600508777583368e-5,1.016543821734122,0.25403902067357664,3.743891152449687,7.473522367069019,0.680111904218182,9.091494287311972,0.5234430437948431,5.274862728148541,0.07154480629569249
PSSA3,m4,156,-8.645062978408808e-5,1.0165483616064925,0.2540396092127103,3.743888520976397,7.4735165548029885,0.6801124668584506,9.091503011592305,0.5234422201946147,5.2748450549355415,0.07154543851178607
PTBL3,m1,156,0.015385075948394653,1.0228841476736112,0.13288344816731737,3.1795733151741765,10.608172928985056,0.38884793145562324,9.462177950854098,0.4888731067911297,0.6687110216149271,0.7157992626138189
PTBL3,m2,156,0.010820274007544154,0.997990069805892,0.1062122514841047,3.015818114541715,10.382109078874764,0.4076329479175176,5.555680685944259,0.8511106919805626,0.2949334843581463,0.8628911357230374
PTBL3,m3,156,0.0016245571409881452,1.0603648715682943,0.1490350388457911,3.1168823549233586,12.101899210328394,0.27829466865559194,7.7589948152173465,0.652364688447199,0.6662971646987252,0.7166637026678718
PTBL3,m4,156,0.0016259190085143717,1.060364870546179,0.1490350094749148,3.116882375799781,12.101899307548047,0.2782946622595259,7.759005509477393,0.652363645728681,0.6662969688007946,0.7166637728643435
PTNT3,m1,156,0.012988665564339133,1.0029761966459547,0.6643925735733998,6.026646841331443,8.08257692125771,0.6207711101249129,6.783604929234815,0.7457038437779812,71.02069695122702,3.3306690738754696e-16
PTNT3,m2,156,0.01028027956157422,1.002929268280834,0.6813839916317287,6.080013775250445,8.169075462582251,0.6123259333102151,6.611718537761753,0.7615218495153716,73.73353930761293,1.1102230246251565e-16
PTNT3,m3,156,-4.8343076169557236e-4,0.9812236277274323,0.49726071776445757,5.5823615055260785,9.081642413203303,0.5243733670964897,16.837980062161947,0.07802683152592849,49.774814901171155,1.554301132244973e-11
PTNT3,m4,156,-4.94637816940207e-4,0.9813023616290414,0.49728706772397296,5.5825041568248,9.082080120099507,0.5243320223335903,16.837903852977803,0.07802859143198304,49.78028530097611,1.5500600802909048e-11
PTNT4,m1,156,-0.007578875362822367,0.9775017932653903,2.2227198935613384,14.169144912120402,5.065028130173292,0.8867919236751924,1.326205325255599,0.9993824051859633,939.3262642977088,0
PTNT4,m2,156,-0.014647966235897689,0.9860157002719874,2.0020748500568977,13.038535479760922,8.13020530981149,0.6161202645363422,2.167325714328529,0.9948893666432733,759.2351610957121,0
PTNT4,m3,156,2.0418935893874208e-4,0.8778003573584434,4.1034573889981285,34.54559557562895,3.3426172023144725,0.972173950427523,0.3305885618479925,0.9999991038004925,6906.107327563823,0
PTNT4,m4,156,2.642374111108831e-4,0.8744481988706801,4.076277868102343,34.23242327516404,3.328031871176474,0.9726174073560107,0.33547786574384536,0.9999990374933252,6772.53478636106,0
QUAL3,m1,156,0.018143101553453816,0.9520384220193427,-0.1297163186313047,3.829782767016207,7.099197141731658,0.7160481294530241,3.155150507155307,0.9775333047180007,4.912990769141694,0.085734892898231
QUAL3,m2,156,0.023827061244990698,0.9355689857746851,-0.013938278948162927,2.4421372894470754,9.085033713444375,0.524053061059252,5.357908988539653,0.86602382334348,2.0279213909864278,0.36277927210410044
QUAL3,m3,156,-0.003719730594440335,0.9934316376328907,-0.164765871449072,3.7721202221012358,9.972999229462634,0.44286535156250517,3.255120882315957,0.9747667441847105,4.580945245208476,0.10121861234323093
QUAL3,m4,156,-0.0037217265681748165,0.9934269971104348,-0.16476284211165282,3.7721177598918993,9.973005171557729,0.44286482883888434,3.255135684169979,0.9747663191883553,4.580894576071587,0.10122117670557662
RAIL3,m1,156,-0.10072692629824773,0.961036707327604,-0.00356012550724699,2.853776955504526,8.95620688879018,0.5362647035456938,8.675644010629629,0.5631377234220338,0.13930719865422594,0.9327168576995837
RAIL3,m2,156,-0.11647166769969414,0.9768947433738665,-0.10755447017204066,2.8689467662978276,6.4324255152769245,0.7777193258626534,14.110650588245743,0.16800406321391526,0.4124042408183728,0.813668600631036
RAIL3,m3,156,-0.009593954899922371,0.9908003855496782,0.1739956112597708,3.4068934872689933,10.620495991689806,0.3878385507177582,8.119247967584805,0.6171900998583182,1.8632913060616936,0.39390494582937796
RAIL3,m4,156,-0.009595231569520638,0.9908160545587952,0.17399689490082856,3.406889578806026,10.620821192074418,0.3878119343423301,8.119110667313935,0.6172035059232691,1.863282246029518,0.39390673022916123
RANI3,m1,156,-0.03998754554852138,1.0592456097715703,0.19416783795264617,3.2957323531819447,10.246698728087152,0.41912280244986944,6.610108458926159,0.761668738824943,1.5487044423457796,0.46100231183440465
RANI3,m2,156,0.0024099346537240908,1.0032401024731936,0.352229171200576,3.763545925208553,8.798762980586156,0.5513024024761628,2.94980699139022,0.9825806908794686,7.015215584527569,0.029968519680091954
RANI3,m3,156,-1.1276311646483133e-4,1.0459623518309908,0.42625919761303527,4.011971169166636,8.647117656351133,0.5658883895233653,4.0666553363861215,0.9442899405260736,11.380676199251562,0.0033784505233996898
RANI3,m4,156,-1.1327733042624846e-4,1.0459624736920492,0.42625916999239216,4.0119709285301814,8.647117644520874,0.5658883906647202,4.066655366210386,0.9442899391358169,11.380672421304208,0.00337845690520977
RAPT3,m1,156,0.014220977561105193,1.0081068471439356,0.07081804644687283,3.857007347329488,11.163548965039606,0.3449188697402584,9.546759934677004,0.4811150323668738,4.904395445215056,0.0861041453792023
RAPT3,m2,156,0.01569331840838568,1.0096068271301357,0.09083970581519991,3.849139608525634,11.051778730760653,0.3534982198408425,9.269598695018185,0.5067231939365094,4.901295641953329,0.08623770180747692
RAPT3,m3,156,-0.026231780663456297,1.0058463527224688,0.11852461208113542,3.9392454301539996,9.47779740359518,0.4874365579945992,13.172580912150723,0.21418209110404707,6.099433032817197,0.047372351772243415
RAPT3,m4,156,-0.026237826438602924,1.0059198346208256,0.11849656209299038,3.9392529045910707,9.477932114147185,0.4874241760104766,13.173097478604495,0.21415416329580939,6.099351438012265,0.04737428448056891
RAPT4,m1,156,-2.4053635951954176e-4,0.9998139922058901,0.12215047158722725,3.268942798937072,14.984424617622789,0.13263073936434244,7.201651857870597,0.7062805063367137,0.8580856695842256,0.6511320374782057
RAPT4,m2,156,-0.011234897196724991,0.9997239655836202,0.1529672281049676,3.3489969114408913,14.328341977802623,0.1585347923267949,8.338555988822838,0.5958042630526499,1.4000657819963735,0.49656897087368734
RAPT4,m3,156,-0.040270017870908566,1.0024574292054338,-0.09039279327241248,3.240030734432933,15.546086229976064,0.1133844573326811,11.499964428039965,0.3199140089118131,0.5869381815360027,0.7456722706651124
RAPT4,m4,156,-0.040273319768653025,1.0024588812223798,-0.09039292174419135,3.240028441940128,15.546102714531767,0.11338392960519528,11.499956867124672,0.3199145569538149,0.5869316319490762,0.7456747125917885
RCSL3,m1,156,0.01920102903111002,1.0085367435130883,-0.12228627031654364,4.672717654280065,4.651444094508551,0.9132138028012469,10.281383605678716,0.4161631296251844,18.575700510717525,9.254178780926381e-5
RCSL3,m2,156,0.011437436188408982,1.0085247801715844,-0.02718157995331315,4.53984707448459,3.7585845543537237,0.9575811713295296,9.175218167177727,0.5155595085558542,15.431548378699594,4.4574024347332486e-4
RCSL3,m3,156,0.049774344522605915,1.0080624337779196,0.12166103366127451,5.015614412940889,3.3279225299063575,0.9726207147291632,7.6124171520572625,0.6666367143807276,26.79239608565751,1.520915589692251e-6
RCSL3,m4,156,0.04977153606996794,1.0080522356924875,0.1216593607254441,5.015619268774111,3.327917960776069,0.9726208529314603,7.612274773382303,0.6666505550749691,26.792512739602838,1.5208268818733828e-6
RCSL4,m1,156,0.011390638068023035,1.002154602570359,-0.11558980921321288,3.5361176910537977,10.417820162657447,0.40463209238165576,11.72103938386766,0.3041600763027714,2.215630265138177,0.33027979088784887
RCSL4,m2,156,0.013266990850773205,1.0018523657820684,-0.013082664080098548,3.514922195622011,10.160547314027477,0.4265227157136984,10.703019910331841,0.38111869175674706,1.7278916976225014,0.4214956386478276
RCSL4,m3,156,0.0808766122412596,0.9962322571338165,-0.11377979566008171,5.156997932016174,10.76594288669009,0.37604168238901936,10.765023639704735,0.3761155595378637,30.578752401104985,2.2903839114185587e-7
RCSL4,m4,156,0.08088062575106121,0.996226871083116,-0.11383190873573508,5.157024004705144,10.765899063459903,0.3760452041338074,10.765063943910661,0.37611232022575525,30.579791909289337,2.2891937845326282e-7
RDOR3,m1,156,0.012023511832998726,1.0011288737087303,0.10526617620170363,3.1473168807294947,9.57381995073418,0.47864410483061515,5.905917521931723,0.8231047077337383,0.4291698759164722,0.8068762743979347
RDOR3,m2,156,0.013281372700984834,1.0005009104521163,0.09082309325790522,3.044309793787423,10.629397554311367,0.3871103783782285,8.921409207520918,0.5395780663277981,0.22723151685793355,0.89260086435677
RDOR3,m3,156,3.0985635744829385e-4,1.0236981062621842,0.1099170360132949,3.296436949799609,8.348214115809869,0.5948641984528292,5.730313123223133,0.8373893531935896,0.885312248796871,0.64232805005898
RDOR3,m4,156,3.102294040882998e-4,1.0236977388508801,0.10991775417110149,3.2964360263052934,8.348233316472747,0.5948623297614987,5.730339651656769,0.8373872312039469,0.8853127947283634,0.6423278747254484
REDE3,m1,156,-0.002197875457527493,1.0031206821612269,1.2058178660200274,6.483001091010569,4.429478868514643,0.9258999998497611,2.065670261995963,0.995811605490279,116.6573427762157,0
REDE3,m2,156,-0.0010225083302939765,0.9607211232151276,0.8905385474841798,5.5618818784859725,14.02176850838704,0.1720009926683954,14.855459502348213,0.13742107673438309,63.28058345398236,1.8096635301390052e-14
REDE3,m3,156,0.03743872310787664,1.0450054918550362,1.5672908415503146,11.179871353384657,11.179769031411858,0.34368500627309906,4.434051355630573,0.9256495316321778,498.78333495869407,0
REDE3,m4,156,0.0374383760875379,1.045005635581839,1.5672907799436946,11.179871860712542,11.179769038340654,0.3436850057466313,4.434052539003676,0.9256494667505952,498.783383886209,0
RENT3,m1,156,-9.367693037949544e-4,1.0043880850864624,-0.32447433492645894,3.160890163313782,11.923515001152898,0.290207983956675,10.880969720048167,0.3668665140618197,2.905630134907544,0.2339108854770442
RENT3,m2,156,0.0028257381658233324,1.0001611775812331,-0.4852600744760852,3.6207288889567333,12.604102642090549,0.2466565795340483,8.838136228851313,0.5475309764738698,8.626889135199425,0.013387356427979391
RENT3,m3,156,2.968889084493715e-4,0.9574476707157077,-0.37266996289997945,3.2793019447014666,13.338745780293928,0.20534394069090856,9.439206720239113,0.4909889593691412,4.11801767848581,0.12758035989417305
RENT3,m4,156,3.4856307109666927e-4,0.9569848622898987,-0.3731532734597186,3.2806763804708017,13.333948294232169,0.2055950420700139,9.446149040230416,0.49034911754666144,4.132392501438525,0.1266666748000036
RNEW3,m1,156,0.03659572933712352,1.0029939995805173,0.20575375275958602,5.717143764813139,8.789300620858281,0.5522097852677396,24.850968809332254,0.005635262498263849,49.08935632744994,2.18968176923795e-11
RNEW3,m2,156,8.273100468226141e-4,1.0006152647088746,0.49166194385879525,6.311253728365067,12.807782577002932,0.23461838531025858,33.272048113131035,2.4514140928744155e-4,77.55362629148931,0
RNEW3,m3,156,2.738669977700032e-4,0.9587600989369921,0.4585220056220431,6.909752644056614,12.832622075222863,0.2331812764250577,34.161123415114105,1.734419508906404e-4,104.8263804657312,0
RNEW3,m4,156,2.9991518666225536e-4,0.9577919187035466,0.45655109941658684,6.895188625984747,12.821165162090221,0.23384329143873606,34.153751073371524,1.73941976491232e-4,104.04062537384696,0
RNEW4,m1,156,0.01829599753389263,0.9989889103507246,0.2695035809119653,7.220130619523952,16.811571016826612,0.07863880937047563,14.133190179145352,0.16700262526833554,117.65020258121717,0
RNEW4,m2,156,-0.08332930594339152,0.9936880860993851,0.04877839376725081,3.941063086063195,23.154904435764156,0.010189017789184018,22.868873651380646,0.011241073498019172,5.8182608818414305,0.0545231203361175
RNEW4,m3,156,2.571211198034495e-4,0.9406912132074811,0.5107917372461062,6.350419503393338,18.08341539439689,0.053572738916539575,18.053888105031533,0.05406140084704503,79.74813368648128,0
RNEW4,m4,156,2.8709139132442995e-4,0.9393221496198619,0.5069816357993087,6.321485109614894,18.12601762883366,0.052874746037909315,18.154103757328528,0.05241910544018713,78.39250152203883,0
ROMI3,m1,156,-0.006734151400759826,1.0363463272562494,-0.21152672139545772,4.320626819590569,5.386445739917762,0.8639147580333115,20.88228990179429,0.02192948420064489,12.499691178514423,0.0019307522420995982
ROMI3,m2,156,-0.010185240840178673,1.0331134193327551,-0.1691525958553693,4.183944808575792,5.450454944416566,0.8591309453654373,23.946113153989664,0.0077447143496399695,9.85514213119802,0.007244077318246611
ROMI3,m3,156,-0.0033040692085557115,1.0602155806644828,-0.0532963155250059,4.007478483208912,6.149980846504943,0.8025089728541701,6.10030515214734,0.8067667805035635,6.671436740300133,0.0355890109430852
ROMI3,m4,156,-0.0033023476715971544,1.0602121757267993,-0.05330017930297204,4.00748472675089,6.149913922781997,0.8025147307044379,6.100370935062803,0.8067611636134353,6.671529222093009,0.03558736531336382
RPAD3,m1,156,-0.03255323441256508,1.0021059426245449,-0.7350146352690714,11.60875362858657,18.506803308392296,0.046993089947506506,3.625952727485343,0.9626476786563362,495.7655631106185,0
RPAD3,m2,156,0.012651598852690895,1.0170082440418102,0.411307752282314,8.737733679664498,8.969968417667245,0.5349560456645427,6.4405416265406,0.7769933591863104,218.38884630619157,0
RPAD3,m3,156,-0.060004367133524215,1.0035463397246027,-0.6869572105739172,12.469686291160649,17.26163502137301,0.06877144960957471,3.4624684210171273,0.9683573941206243,595.1568953826203,0
RPAD3,m4,156,-0.05415509192498086,0.9909236827092214,0.10034995256361617,9.201499206923318,16.138469444620394,0.09573657027450944,8.19111234503658,0.6101754466855288,250.24267362502601,0
RPAD5,m1,156,-0.03945427979882182,0.9882607995900522,-1.613863408117044,11.31421501435928,15.393629630463483,0.11835622502807386,11.981395268471209,0.28630357678612683,517.0385460840206,0
RPAD5,m2,156,-0.039454769919457545,0.9882618725098281,-1.6138364357020492,11.314119156872923,15.393835353607095,0.11834939234724196,11.98153912135578,0.2862939195061369,517.0259218766157,0
RPAD5,m3,156,0.013460912767537404,0.9890888916935963,-1.775796508993609,11.894083589309165,12.420496761359612,0.25789918081338437,12.025485563253124,0.28335446808904763,596.170483083722,0
RPAD5,m4,156,0.013459607881980345,0.9890827363711203,-1.775852876894208,11.894403284796606,12.419910210067219,0.25793569374481984,12.025352199913334,0.2833633557926708,596.2126531016133,0
RPAD6,m1,156,0.01211853626165055,0.8927442148787322,-0.5061754763780315,7.738800630994332,4.447313040824957,0.9249204867812286,3.2173042175495836,0.9758376213625676,152.62705816707953,0
RPAD6,m2,156,-0.04061629737134476,0.9958784474779719,-1.487938031432883,12.66810709347744,10.225482803298247,0.4209387285815893,4.204468705537697,0.9376519435895679,665.1328652311606,0
RPAD6,m3,156,-0.0011780762011382965,0.9601762732162934,-1.3634792151865425,11.959693960066776,8.963642190511466,0.5355575204921456,3.4066801622365985,0.9701723693215247,570.1307179037598,0
RPAD6,m4,156,-0.0011775559363944787,0.9601763189653727,-1.3634794557226717,11.959695668214087,8.963656258956052,0.535556182687875,3.406681085508786,0.9701723398404768,570.1309339162158,0
RPMG3,m1,156,-0.020433269889776205,1.0002542276168822,0.9657182419417107,9.740160239537586,4.65101361351889,0.9132394394987451,2.62613231528981,0.9889074257714512,319.54134514847556,0
RPMG3,m2,156,-0.019548517272061063,1.0014316074666305,1.1572730803286924,9.061013925202822,6.272462789755708,0.7918761933633109,3.0011463512988885,0.9813970735086225,273.60458925355607,0
RPMG3,m3,156,8.37746147672472e-4,1.0220388092191104,-0.2757002330420083,8.33110517504153,3.850361764921243,0.953845014473599,21.827244158888526,0.01600928181030703,186.7107115987893,0
RPMG3,m4,156,8.386459732380999e-4,1.0220414581107982,-0.2757012373369485,8.331112736498286,3.8503677612176705,0.9538447641894845,21.82724754837868,0.016009263569556564,186.71125003914992,0
RSUL4,m1,156,0.001967221690763413,0.9940717732218438,-0.20878168294765878,3.427521639037447,7.082825752997772,0.7176032465980418,6.114860208995205,0.8055225952246865,2.321370456490098,0.3132714448770224
RSUL4,m2,156,-305499644.9320618,4409835031.11799,-6.960744298945693,76.919000595065,11.647910368382474,0.30931133537055966,2.5807538064759585,0.9896459570500573,36775.87220940385,0
RSUL4,m3,156,0.007422162515011238,0.9948474581772643,-0.2275531994547971,3.4359956241970067,7.627326206465118,0.6651871245805738,6.007612908827375,0.8146232355726982,2.581891121208067,0.27501062090076345
RSUL4,m4,156,0.0074228071643722806,0.9948496921976661,-0.2275545653693347,3.43599792911006,7.6273333701359665,0.6651864279366035,6.007666128433288,0.8146187586092364,2.5819203479547874,0.27500660209724637
SANB11,m1,156,-0.0029861670199413455,1.0007101134792904,0.15194635353687477,2.831611380594172,7.615020351313564,0.6663836474003292,7.5942223892151945,0.6684050222594918,0.7845857796270826,0.6755062360883002
SANB11,m2,156,-0.003067910462894674,1.000201133227278,0.15108297231314677,2.828206081341664,7.6409621863900865,0.6638608513923592,7.658550520470351,0.6621495360956915,0.7853131557692657,0.6752606071971432
SANB11,m3,156,0.0027822562941747318,1.0083942306862508,0.18906368372642968,2.9120740298862637,7.374606422194265,0.6896694045490268,7.2446720151075965,0.7021621110998385,0.9796233345422638,0.6127417826503807
SANB11,m4,156,0.0027800610448494227,1.0084032917086638,0.1890648053642773,2.912079077153469,7.374550420869402,0.6896748048319989,7.244765305613561,0.7021531699852813,0.9796285926954404,0.612740171707423
SANB3,m1,156,0.013032446801373686,1.0000651947152954,0.17179575358042226,2.9087656178907433,10.763522172255868,0.3762362467729068,14.258368764762517,0.16152945037854494,0.8214624357674705,0.663165154581761
SANB3,m2,156,0.012948836277647197,1.0000380468755863,0.1688018559646891,2.910056806399442,10.70205074765332,0.381197207387469,14.535131888145603,0.1499514933176982,0.7934292884931519,0.6725259073910741
SANB3,m3,156,0.006858303929831508,1.0075524371491127,0.20718610573177573,3.0076383982848536,9.72980468294543,0.4645097415849029,8.089334975162197,0.6201111117893123,1.11645738595009,0.5722217470980282
SANB3,m4,156,0.006854012962237406,1.0074934944413518,0.2071914471785584,3.007643061232633,9.729923567149967,0.46449904175463175,8.089228267784042,0.6201215327525763,1.116515396885117,0.5722051497794398
SANB4,m1,156,-0.005263067041124803,0.9982847575389421,0.20889670473516422,3.0815829686029828,10.164801340204386,0.426155708777868,7.0905158543433995,0.7168729676422556,1.1778462394589595,0.5549245503849269
SANB4,m2,156,0.006493636066391785,0.9840227626679042,0.007687813665409811,3.032997479029874,9.51694848846482,0.4838434757266432,14.395775338123181,0.15569228629169096,0.008614082997931295,0.9957022205022255
SANB4,m3,156,0.007664604582736602,1.0085960621035808,0.25101589855829926,3.315427805602825,10.006061338659284,0.4399616627529157,5.388430164001583,0.8637675487827015,2.284949068112987,0.3190285971246495
SANB4,m4,156,0.007665242868775025,1.008589105712947,0.2510144133620407,3.3154227665920204,10.006211631730183,0.43994848508685713,5.388577488413698,0.8637566170868427,2.2849090195523925,0.3190349855066623
SAPR11,m1,156,-0.013318538889265265,0.991740649736754,0.2995768562401193,3.9701601644945983,17.606574687863233,0.0619740622010283,9.217978725351921,0.5115492383218052,8.45127345368175,0.014616025330508098
SAPR11,m2,156,-0.0248250816764445,1.0004098044038217,0.4292443794654252,4.194198681524519,18.186195334643898,0.05190284690789604,6.5114105082031095,0.7706244133653394,14.060237361075947,8.848267626478945e-4
SAPR11,m3,156,-0.0011821708329842974,0.9469634199166995,0.3169053879874362,4.484714151103012,18.06930890859898,0.05380569272689839,9.75554134412868,0.46219603374028917,16.939599366478152,2.0970690696431316e-4
SAPR11,m4,156,-0.0011922007351950576,0.9463402271335983,0.3183313863289574,4.482555197246222,18.064078139464325,0.053892306393239386,9.774395300154671,0.46050446956688784,16.921511093306606,2.116121274242655e-4
SAPR3,m1,156,0.010762642470045679,0.9651664857180648,-0.020705322003085117,4.899965211487624,18.485683765208524,0.047303010047723526,6.458252908615843,0.7754066548429024,23.475287200951406,7.987413238486063e-6
SAPR3,m2,156,0.011094387832960765,0.9622411627244117,-0.11337803486021382,5.148629138972797,18.864402843592227,0.042019159653540195,5.507122383298293,0.8548355608254843,30.342165697987266,2.5779971579709127e-7
SAPR3,m3,156,-0.009807633854032018,0.97973987963504106,0.052867158516252,4.889441934205214,18.14811934139301,0.05251589080770136,6.878179375482367,0.7368933504197168,23.277608695454543,8.817216320067267e-6
SAPR3,m4,156,-0.006213923924112951,0.958783077249438,0.040837386104562834,5.037880404448233,18.767153733612393,0.04332181949502234,6.650055107572598,0.7580170952072209,27.03757752312178,1.3454409408808488e-6
SAPR4,m1,156,-0.014816922220945087,1.0008296782765145,0.38063194135791584,3.955725990561161,14.375388226142093,0.1565471857488685,2.60169041586448,0.9893095300239538,9.704076643051021,0.007812437050207621
SAPR4,m2,156,-0.018716404552698226,1.0011583592860074,0.2844253867974526,3.8425128775886663,13.728463214791953,0.1857413949864729,2.5708572440391357,0.9898024328801074,6.7172244848946665,0.03478349652597523
SAPR4,m3,156,-9.92991639392726e-4,0.9643159916750265,0.2658093977528887,4.287030943389382,13.41862632384981,0.20119830663606342,7.9306668103274385,0.6356092967962308,12.60393675434908,0.0018326937916768316
SAPR4,m4,156,-9.945711976378595e-4,0.9643567781803849,0.26652809598898053,4.287279887964473,13.412750777222481,0.20150096953268026,7.955041568339197,0.6332285352510163,12.618049689465169,0.0018198069685900764
SBFG3,m1,156,0.02005090891066566,1.02252258921696,-0.12333405526956943,5.301858546508069,9.935926715644861,0.4461325628725423,7.732558503845065,0.6549417491579044,34.83608651177968,2.725460723773665e-8
SBFG3,m2,156,-0.014870740942619367,1.0440063516685918,-0.09095837886256505,4.722962687572731,8.18450499152882,0.6108201753163284,7.157260114845128,0.7105199163139115,19.51101184180893,5.797457990996957e-5
SBFG3,m3,156,0.015630117889763075,1.0249423816873844,-0.22222103605416993,6.01003953336899,9.55394071466012,0.4804588034665753,6.466490554916249,0.7746675205142012,60.17613386137694,8.570921750106208e-14
SBFG3,m4,156,0.015629339257099997,1.0249563588653519,-0.22221765672814006,6.0100237682834265,9.553899311049769,0.48046258611541437,6.466470486262607,0.7746693220815765,60.175477917607914,8.570921750106208e-14
SBSP3,m1,156,0.03590698797752479,1.0310123704208465,0.1327793341205038,3.271299123637272,11.036218797275692,0.3547031947183832,5.476434584633033,0.8571686462685736,0.936810034967883,0.6259999313892125
SBSP3,m2,156,0.03935867192837324,1.0269362278032295,0.0018041925876327468,3.192873592632676,10.783991521393682,0.3745929356951756,6.827124740377647,0.7416584338218019,0.24188608066095513,0.886084429231753
SBSP3,m3,156,-2.725168487825131e-4,1.0489563093390573,0.3822395354382324,3.8349490448128227,10.801628382641383,0.37318049834013056,5.803866024570509,0.8314635164589668,8.330193022072947,0.015528216183546828
SBSP3,m4,156,-2.745131656620629e-4,1.0489640586970777,0.38224035256207095,3.8349339880510107,10.801628666596123,0.3731804756257433,5.803793370229872,0.8314694113174228,8.330045833914184,0.015529359010373445
SCAR3,m1,156,-0.044761506076818405,1.0144931274372841,0.5266032106352089,3.413058070349394,25.908752978254512,0.00386486561006405,15.798288743662193,0.10555404556295689,8.319094779359036,0.015614623660667903
SCAR3,m2,156,-0.04392636789601203,1.0142888164821648,0.5900953904441802,3.444743465285794,26.121145236622482,0.0035806237777373795,14.98484710162541,0.1326152810729303,10.33920568985391,0.0056868269229432
SCAR3,m3,156,0.02629002634597625,1.0088712417470875,0.22586910692025863,3.7202255590985227,30.556368014008115,6.942997374818072e-4,9.927440178220397,0.4468821516691259,4.698149753846904,0.09545743125187212
SCAR3,m4,156,-0.0034453643439870943,1.0094130923641542,0.42739971531963206,3.8191503420167163,32.59537978381035,3.1846915801669873e-4,11.553128463944622,0.3160760931377635,9.110980771407565,0.010509345335563802
SEER3,m1,156,-0.02445965437449647,1.0413155464755475,0.10901018293796991,2.890842459026501,24.010027317872648,0.007573819607809673,4.722671956355306,0.9089174192963847,0.38641361647238864,0.8243114821064483
SEER3,m2,156,-0.019836357719159033,1.0450612394590775,0.12963420455763758,2.8497592056631937,25.523882497110744,0.00443616377852285,5.0569652053335865,0.8873403193861241,0.5836506276127805,0.7468989975209976
SEER3,m3,156,2.0042028699240178e-4,1.0257500151870331,0.14536374675945193,3.2941776125892526,18.92278581823988,0.041254451187451635,5.353391665348678,0.8663563328589046,1.1119091310372282,0.5735245330734855
SEER3,m4,156,2.0025225639261007e-4,1.0257627643290046,0.14539164630985205,3.29418565575261,18.92397471403084,0.04123901224232762,5.3540158290463005,0.8663104117222697,1.11215080156278,0.5734552352727165
SEQL3,m1,156,0.06370143537504841,1.0014479862668477,0.9317708771677689,7.264637376546753,10.79622747793815,0.3736126840978493,3.976293782121501,0.948410073936976,140.78947885334517,0
SEQL3,m2,156,0.005876086097022384,0.9975674594749594,0.37240996571574164,6.0878391127338585,9.220054689781746,0.5113548308061624,14.299183321700214,0.15977709640442694,65.58179625651304,5.773159728050814e-15
SEQL3,m3,156,-0.0030369699208332344,0.9337830053942094,0.12155596775021647,7.476908104001706,10.13782303884654,0.4284860113827327,10.39841122346778,0.4062615206887349,130.66176230158294,0
SEQL3,m4,156,-0.0043584972911019215,0.9329272546745415,0.14530020751888953,7.4628691044548425,10.092210844754671,0.43244092607589635,10.159706399549123,0.4265952834568534,130.01072009066493,0
SHOW3,m1,156,0.004366457352524861,1.0281406681880911,0.1294052069316136,5.861291227619654,9.558123845445117,0.48007669681345244,12.41406900109368,0.25829951809614116,53.650807077252075,2.238098595341853e-12
SHOW3,m2,156,0.00743268961261065,1.0211894428283537,0.005995724356822594,5.516285148495371,7.7571488313171475,0.6525446741370922,10.914606433460756,0.3642095796932723,41.15692583197406,1.155811779618432e-9
SHOW3,m3,156,0.0063672238453826415,1.0960263685125962,0.32794513181975565,6.699631419480215,8.168647753835174,0.6123676766608859,7.366864342345368,0.6904158615153677,91.76352040662495,0
SHOW3,m4,156,0.006365852415948049,1.0960263841064357,0.3279451289782724,6.699631835319816,8.168648296527143,0.6123676236953309,7.366854951491051,0.6904167667897266,91.76354035806214,0
SHUL4,m1,156,0.00860174352174125,1.0822743967028037,0.6416610839882299,3.29963594880428,10.453891578548626,0.40161355605928706,12.289971127544234,0.26611848434814933,11.28853367613167,0.003537741187709109
SHUL4,m2,156,0.004516001127734932,0.9995905435715233,0.36613658912827346,3.65709131946949,9.061759268607256,0.5262526129455108,7.758825013802832,0.6523812445090778,6.291954563154649,0.04302485609483331
SHUL4,m3,156,0.06531152094738657,1.02176173912905,0.4084523661679743,3.5304191036396086,8.435598323922994,0.5863679507071287,5.803108787049973,0.831524951451676,6.166405486921641,0.04581229640395046
SHUL4,m4,156,0.06531150862493977,1.0217807341541996,0.40845706346097793,3.530419446132498,8.435686583379121,0.5863593784301,5.803124914382187,0.8315236431263109,6.166507617401087,0.04580995704778279
SIMH3,m1,156,-0.013228308378665765,1.0062302377321446,0.42364930008807594,3.494520876439232,14.876813082251246,0.1366179913429073,5.4829819336831696,0.8566722478021239,6.256027798115513,0.043804711492724246
SIMH3,m2,156,0.013612226608751863,1.0034019715611835,0.25241663118909136,3.227414684794574,13.29784624808789,0.2074923699806599,6.465429235911174,0.7747627894676827,1.9927314008134989,0.3692188577211021
SIMH3,m3,156,-0.0047721573473922625,0.9596178437576761,0.4993676636069057,4.023081471826384,12.074494004790676,0.28010184019544804,4.470409728271485,0.9236415340452055,13.287091686825555,0.00130240093682088
SIMH3,m4,156,-0.004205280413603821,0.9516206393716112,0.4895179585811588,3.964054542591884,12.08505812536434,0.2794042222860501,4.508776758878754,0.921491125629682,12.271431173208379,0.002164176008293439
SLCE3,m1,156,-0.012803008995427344,0.996584957898216,0.3840523869671127,3.6933332078673318,16.99502503861804,0.07447413553403415,5.365327076232974,0.8654769917647491,6.959523225668979,0.030814755999582055
SLCE3,m2,156,2.62310501085233e-4,1.0000915411329292,0.31214737546611615,3.673023048940391,14.294517237484987,0.1599766369927268,4.460332537351809,0.9242009893631712,5.477575742902626,0.06464866190838048
SLCE3,m3,156,-0.00117926085246867,1.027539689507001,0.33396632540938076,3.667748250535072,14.508092571382065,0.15105142629338464,4.596288908387576,0.9164660493861567,5.798141388795774,0.05507437720968489
SLCE3,m4,156,-0.0011964186149136375,1.0274539782580063,0.3340937514002339,3.667984759190855,14.505891173854334,0.1511412712014104,4.596060510381714,0.9164793806261067,5.802408153164935,0.05495700775598511
SMTO3,m1,156,0.005462285851281889,1.0258888229822882,0.3111412977136863,3.6942031743106116,18.04634226775369,0.05418692678696113,4.978654635315985,0.8925993364297411,5.6494988926659175,0.05932351869266406
SMTO3,m2,156,0.004929165340440374,1.0214490322080734,0.385380618070366,3.626804789598671,17.589644948704606,0.0622930488208866,5.005451948482771,0.8908135259052349,6.4152213281066475,0.04045315406707539
SMTO3,m3,156,0.0030217410438075575,1.0273826954342369,0.31445304977053734,3.7621059043376524,18.36609141344347,0.04909338036550015,4.3990553873682465,0.9275547617999419,6.346133894530814,0.041874972428315616
SMTO3,m4,156,0.003024822624626131,1.0273741214408092,0.3144565200854053,3.7621152361044943,18.36614442764051,0.04909257322598781,4.399003584638231,0.9275575619532138,6.346283093796745,0.04187184868725846
SUZB3,m1,156,0.01862047246964948,1.0008825479998997,0.5719290181186838,4.931825139245993,6.061911981991092,0.8100351083426618,9.125935029038319,0.5201951153413215,32.76233724196946,7.686858038979949e-8
SUZB3,m2,156,0.026727203734218687,1.0043270599548906,0.35998515881909426,3.563532277290073,6.646337115337781,0.7583576014536968,9.02598378358735,0.5296394089796164,5.433518257880501,0.06608859233497033
SUZB3,m3,156,-1.2139357694526163e-4,0.9985426374734563,0.6296636508299481,5.674405226394242,5.709152168565011,0.8390784405925247,10.969864863982513,0.3598706316369319,56.79926568986042,4.636291350834654e-13
SUZB3,m4,156,-1.3188655803921345e-4,0.9981459663966372,0.6291471432755321,5.672949970901746,5.709829246299617,0.8390245060947326,10.992369358685607,0.35811281034536413,56.73177938031955,4.796163466380676e-13
SYNE3,m1,156,-0.03053671650429916,1.1591114264388311,-0.1555062197249049,6.917725434925114,17.350629077772297,0.06695664674861135,1.8723547762072756,0.9972281194504952,100.394458586186,0
SYNE3,m2,156,-0.0020664039868030747,1.0146820929134317,1.2048807411963494,11.34514284571996,15.356668104813718,0.11958931803523765,0.8249707420142516,0.9999293148505425,490.41433686371425,0
SYNE3,m3,156,0.0030375104109437155,1.0810414364849998,1.266638277656743,27.071527590490053,10.217790843888361,0.4215981412502252,0.4897246428068764,0.9999940148945342,3808.063549195261,0
SYNE3,m4,156,0.003038048270439501,1.0810415112347849,1.2666381432966245,27.07152780634035,10.217790941905896,0.42159813284391356,0.489724768910717,0.999994014887141,3808.063607891614,0
TAEE11,m1,156,-6.859445964771511e-4,1.002000434660898,0.7113355079124891,3.722127500511322,13.377547838474442,0.2033218801590052,10.700679140637622,0.3813083430146196,16.54549615071081,2.5538251566181724e-4
TAEE11,m2,156,-0.004154317373514614,0.9807159688884577,0.7241354485017119,3.785370516342842,11.548095260552738,0.3164381024331071,12.147862142802339,0.2752825499532594,17.64292035381019,1.4753277892043393e-4
TAEE11,m3,156,0.029744401263111488,1.0024182578754697,0.6393156263016896,3.585285761461658,13.586408549525718,0.19270612483449878,10.643959898066916,0.3859208666973548,12.853472467574969,0.0016177220944404436
TAEE11,m4,156,0.02974600578089221,1.0024220909378372,0.6393103560042607,3.5852672202329727,13.586357106613596,0.19270868421095544,10.643753449630898,0.38593771523989506,12.85315618766666,0.001617977941167581
TAEE3,m1,156,-0.06712953623201443,0.8994579739396116,0.7067789908610501,3.693057457397686,10.95690133890056,0.36088564513004917,3.4401300857615245,0.9690922138916898,16.11008624514123,3.174967034339504e-4
TAEE3,m2,156,-0.007118998843755087,0.973948606236939,0.4825235107188852,3.3939557422582833,11.719773666183121,0.30424872908920275,3.3751625488682935,0.9711680860559949,7.06235972288722,0.02927036051597287
TAEE3,m3,156,0.02461247991832014,1.0001675969053176,0.6297928876505543,3.7286841105154127,12.31196875574149,0.2647200231571325,11.80182873638197,0.29853833743381064,13.763989578680464,0.0010260951586211764
TAEE3,m4,156,0.02461206361316827,1.0001744357390103,0.6297719135154374,3.728622791049776,12.311828809425716,0.26472890300538143,11.80095668279766,0.29859863157794764,13.76272185501687,0.0010267457673541758
TAEE4,m1,156,-0.030927609060506973,0.867402105807983,0.6590719866075382,3.274671149185304,10.172503379295096,0.42549165497871433,2.381650580137111,0.9924904202051003,11.784160533067023,0.002761226630801916
TAEE4,m2,156,-0.026814034861438643,0.8665602486122698,0.6430465010102349,3.1468997870794175,11.50341523689132,0.3196639478474621,4.18673184900193,0.9385302149220004,10.891495922385015,0.004314611638369881
TAEE4,m3,156,0.04330533718503956,0.9992324022694267,0.63435981235135,3.8591951922018284,10.95473820836777,0.3610551862264797,11.709414182471654,0.30497499237407966,15.261128118655215,4.853869940483202e-4
TAEE4,m4,156,0.04330534915575517,0.9992222334356164,0.6343796547162892,3.8592336478348575,10.955027231492272,0.36103253040864924,11.710523676156958,0.3048971530347808,15.262212204482303,4.851239647608585e-4
TASA3,m1,156,-0.003679540691768991,1.0060304468853267,0.25392824617827003,3.1143805932618274,7.985079851989113,0.630294382693811,4.351053286112362,0.930123975906183,1.7615073901335034,0.4144704096276953
TASA3,m2,156,-0.039541719354326405,1.011588271753195,0.30505668936329094,2.985895684481977,9.165406455705648,0.5164812560426626,5.7670947355034405,0.8344365664070719,2.420842233013084,0.2980717300706228
TASA3,m3,156,0.02748658010460574,1.0079489897675638,0.2742237874100131,3.1282411719639036,7.8455374274851275,0.6439215799136494,5.554330802189689,0.8512147843817002,2.062063513332184,0.3566388062132533
TASA3,m4,156,0.027486415144004187,1.0079492900914528,0.27422145533544917,3.128238613777241,7.8455484481507325,0.6439205041902474,5.554285611010438,0.8512182686344502,2.06202599413639,0.3566454966766074
TASA4,m1,156,0.01390206100145625,1.0021857833720096,0.5037834004725581,4.191035598806937,8.531490574667542,0.5770666375294496,12.333606644580518,0.26334967721359526,15.819418263949114,3.67161360564916e-4
TASA4,m2,156,0.014689124081536565,1.0024773481038654,0.4962737853076032,4.158745640221979,8.479133574585603,0.5821419968931604,12.21798948535813,0.2707322077606089,15.130973901339335,5.180250536940267e-4
TASA4,m3,156,-9.805979329305838e-4,0.9717295634036018,0.3321394130751209,3.813804163543156,8.702867832338947,0.560515500633802,11.096368947499093,0.3500594511621473,7.173033240566173,0.027694633520416012
TASA4,m4,156,-9.977734636817327e-4,0.9703100712551426,0.3319377696787172,3.80984104938472,8.72585168887383,0.5583039139980743,11.0376093668371,0.35459540267526823,7.127726170666838,0.028329175036923893
TCSA3,m1,156,0.016100547878824863,1.0044480609702704,0.4525055690345488,3.825020606578649,8.471673142321999,0.5828658222042307,6.392852665015255,0.7812486707200748,9.748077048505413,0.007642438706987553
TCSA3,m2,156,-0.007298637862765806,0.991498541296412,0.09254183630293891,2.9503048667697676,10.819819018108474,0.37172709285741434,14.008199426491329,0.17261793511271517,0.2387162188583263,0.8874899253377031
TCSA3,m3,156,-4.890011814806633e-4,0.9670757180153963,0.691328243491658,4.8248375794117555,8.476728203541873,0.5823753540038814,12.08873026161096,0.27916201861444145,34.0715124894976,3.9945243002215136e-8
TCSA3,m4,156,-4.749318434911585e-4,0.9659376901099211,0.6904282386367145,4.818386403436603,8.482833047717628,0.5817831234249561,12.101929678177285,0.27829266418562115,33.886409199702065,4.3818724981825596e-8
TECN3,m1,156,-0.05540757150798345,1.011248222400931,0.32980830006347045,3.5105306536574004,9.076520394716887,0.5248572609026004,7.6870503136092525,0.6593751451325492,4.5222814486647005,0.10423151748504289
TECN3,m2,156,-0.042888723861350744,1.0110611801725427,0.36392249668768883,3.556554610373813,8.796603121925793,0.5515094856221077,7.202237823114498,0.7062244754690171,5.456823896614681,0.06532294355355939
TECN3,m3,156,0.04097920822107349,1.0089108051493223,0.14006451761278188,3.2514127679992875,9.596601996697194,0.47656806468592294,7.331361227466086,0.6938356849042061,0.920924265881548,0.6309919759396136
TECN3,m4,156,0.0409791509306066,1.0089104650583072,0.14006483798058386,3.251407522975916,9.596592271036435,0.4765689501121062,7.331319878817775,0.6938396646313585,0.920909456759464,0.6309966481755145
TELB3,m1,156,0.01448387709978004,1.0484829716954842,1.548684772715016,12.191984187494269,14.618517357523992,0.1466013170446393,5.365458788359307,0.8654672734625344,611.5607641266637,0
TELB3,m2,156,0.1555018430226848,1.0287454191291212,0.07888196300619332,8.76005169206245,17.309505978957777,0.06778985026437312,19.732788077445885,0.03188380579748773,215.8200521852855,0
TELB3,m3,156,-0.10751024630434573,1.0542409064554112,3.09468300721016,23.70250657229592,8.15008715802011,0.6141793177255139,0.5970005704807646,0.9999845864746771,3034.8631952367086,0
TELB3,m4,156,-0.10750910041985311,1.0542412145660887,3.0946505408548366,23.702184126375528,8.150140977151448,0.6141740641445589,0.5970034936687848,0.9999845861159524,3034.771190635647,0
TELB4,m1,156,0.0597182405622862,1.0322353716881278,1.1349779652245597,8.701994946476566,16.97921604839773,0.07482514261790973,2.870526043861502,0.9843088256133893,244.82540092286519,0
TELB4,m2,156,0.01655511958741857,0.9631583896332031,0.6028722387890474,5.32748102424982,15.114383406100906,0.12794695981045534,6.964971960303261,0.7287476267460381,44.66141981244499,2.0039914172542694e-10
TELB4,m3,156,-0.021007457991288125,1.0362191416930342,1.8426803496876252,12.662285157240232,16.69629398347689,0.0813602031308871,3.4667326174253312,0.9682158928850515,695.1206466381095,0
TELB4,m4,156,-6.659962017563732e-4,1.0248368486230937,1.3131396597078755,8.218900099905,17.138732610574447,0.07134999588427993,3.396500052843368,0.9704963159363008,221.87269855646528,0
TEND3,m1,156,-0.014385330721643025,1.0694203142047016,-0.11132448859591304,3.661029676291456,11.837486274799348,0.2960802143023553,6.253979537666191,0.7934926589018874,3.1624631998865955,0.205721575436973
TEND3,m2,156,-0.004392216230472244,1.0734865007808332,-0.12903153811284032,3.34270300409946,11.860831109943025,0.29447856467694133,8.919984868731397,0.5397138171572223,1.1962723521440641,0.5498354781876333
TEND3,m3,156,0.02359103179105748,1.044504169815673,-0.3173778640115589,3.7684754409029297,11.47956409550936,0.3213949911040155,3.801205412548581,0.9558696308295612,6.4575506939392096,0.03960597267495247
TEND3,m4,156,0.023603943438139503,1.044331141808709,-0.3174207909483258,3.76875211442568,11.47876391731217,0.3214531743229553,3.8018547303091075,0.9558432409130098,6.461023709003506,0.039537256285615885
TFCO4,m1,156,-0.136130212233148,1.1140884411718721,0.12002094536811699,3.108956840495024,19.670631535037437,0.03252645625071371,7.5633408889183835,0.6714043369674563,0.45169606559274705,0.7978393378665966
TFCO4,m2,156,-0.023680029995093433,1.0485571896147363,-0.10774886170498998,3.127326058298105,19.443669186587538,0.03497611325138539,5.355071707344013,0.8662327122395429,0.4072327604580084,0.8157752586864615
TFCO4,m3,156,8.296226347214797e-5,0.987162728244143,-0.07501704142687853,3.6670346252681636,16.776418454049196,0.07945999892706623,5.65996799834902,0.8429766164938635,3.038395212608649,0.21888745041756397
TFCO4,m4,156,9.811922249070103e-5,0.9864041704249435,-0.07556804621347342,3.665420122714554,16.786910280559162,0.07921411055221905,5.665490904607507,0.8425408402199566,3.0265693779590075,0.2201855478045196
TGMA3,m1,156,-0.0031589425867473713,1.0003129552356311,-0.36063036837941337,4.297465785743247,17.887752494307808,0.05688687489812494,1.542687434271723,0.9987961395714446,14.323624351167478,7.75647669074564e-4
TGMA3,m2,156,0.06339836850232282,1.0384698708210798,-0.196703013284988,3.015518037573636,13.401508562511667,0.20208108269545422,10.335175553611366,0.41159556161485744,1.0075592230061372,0.6042425362869378
TGMA3,m3,156,-0.0015155727451748372,0.967620732591641,-0.4739909823955627,4.956633465251707,16.534863843704663,0.08531098505512558,1.5111325783862908,0.9989002380756233,30.72604809892888,2.127763868431387e-7
TGMA3,m4,156,-0.0016024469738496624,0.9660888267277445,-0.46936972821200706,4.933753297410673,16.537189583821952,0.0852528856008743,1.4997945758395794,0.9989359617232026,30.034118284910384,3.0072814816151094e-7
TIMS3,m1,156,-0.01542719647386634,1.0001632011890151,0.38142499735755436,3.931229959956132,9.885993175219062,0.45055187827973686,4.825933486346401,0.9024982527590417,9.419340792918808,0.009007746078196543
TIMS3,m2,156,-0.021093222275729576,0.9919393940839768,0.11914870248440991,3.9628874623101837,9.09758320545079,0.5228683353232008,4.423376039694282,0.9262335774155241,6.395596468878642,0.040852051670743794
TIMS3,m3,156,-5.110211152878995e-5,0.9961327206763081,0.22469534974837987,4.354669869273513,10.79210864225488,0.3739424806649426,3.6093515680125137,0.9632543053899232,13.24103596082606,0.0013327404333527415
TIMS3,m4,156,-4.884030794309418e-5,0.9961440118590543,0.2246862383899011,4.354638646995682,10.792149576870925,0.3739392021514887,3.60941180436689,0.9632521153026243,13.240379664339812,0.0013331778415479612
TKNO4,m1,156,0.12065214029569889,0.9460687171054386,1.7899252766152014,30.213205837482704,6.0660090529564865,0.809687279649358,1.3911998129948473,0.9992360981466114,4896.930362588333,0
TKNO4,m2,156,0.137812759572925,1.010436806739433,4.8600384625871484,40.84310779164729,7.168124995066523,0.7094833194785644,0.39512640283822636,0.9999978717700707,9922.774567950022,0
TKNO4,m3,156,0.0029701183229995077,0.8787519499241176,6.282148496712974,64.82362351234787,5.382092776097527,0.8642374228977013,0.16952441549755426,0.9999999660230267,25870.14289038106,0
TKNO4,m4,156,0.0030133341953173806,0.876204599563806,6.265752759522167,64.62832321080685,5.373996787259491,0.8648366323530211,0.17042973494310967,0.9999999651191737,25708.077540271828,0
TOTS3,m1,156,-0.028645829464645438,1.0052759010317567,-0.0303791589132557,3.9251682673409856,12.861462415743597,0.23152110793927394,12.166561587171014,0.2740638454307227,5.5875813245189025,0.061188827564832016
TOTS3,m2,156,-0.02939238467595684,1.0050415679754694,-0.04036314730838311,3.896092988029374,12.862623617124989,0.23145445351202742,11.872013072267162,0.29371354051425436,5.261745955946779,0.0720155667860426
TOTS3,m3,156,-3.208280856732846e-4,0.9602318845762575,-0.0026813456119969114,4.799587373621083,11.422488247894648,0.3255628171062932,7.628954612204736,0.6650287642238832,21.05053257939839,2.6849421316477162e-5
TOTS3,m4,156,-3.650755932074525e-4,0.9590123063682007,1.7760297945469726e-4,4.793502221646253,11.403000342724999,0.32699407631014965,7.641362465506414,0.6638219126340538,20.90822724393854,2.882943563942142e-5
TPIS3,m1,156,0.006165245141285561,0.9971080506182046,0.7223102483785595,4.522763240931418,7.249558962417012,0.7016936796984734,7.879114575552875,0.6406436243806062,28.637285739287826,6.046337890364128e-7
TPIS3,m2,156,0.0027416152477326415,0.9987204554474807,0.6550441861366149,4.457155159957861,5.97458587653579,0.8173938882133234,7.124291466447973,0.7136612948960346,24.957612571822715,3.806477695045274e-6
TPIS3,m3,156,3.429317659330061e-4,0.9921792717611216,0.7189593776092421,6.022034422534777,8.87723061877541,0.5437932202268737,14.736376928605658,0.1419727461068474,72.8019655843622,1.1102230246251565e-16
TPIS3,m4,156,3.707089448348075e-4,0.9920006688520254,0.7189359732884327,6.023768933265351,8.873516399006764,0.5441480254876441,14.738929186349196,0.14187388261890388,72.86925292746717,1.1102230246251565e-16
TRIS3,m1,156,-0.0022675515802188387,1.0299751348155382,0.05420490348952711,2.66655063767154,10.96007349821474,0.3606371082093225,6.815667807072391,0.7427249138248844,0.7991175626621987,0.6706158690105991
TRIS3,m2,156,0.02946139381535586,1.0334466996768823,0.1451508304837097,2.8206651627654553,9.885627510245273,0.45058431932202403,6.637770793768431,0.7591416427764959,0.7568342483414904,0.6849447340657322
TRIS3,m3,156,0.026087186115400625,1.0147757236433939,-0.057911485536128175,3.2826896914156247,16.60086811077765,0.0836756195972661,5.950980111661417,0.8193647227218757,0.6066347446943281,0.7383647226354927
TRIS3,m4,156,0.026091637468648794,1.0147634474228377,-0.05792189572155902,3.282683443010706,16.60085637629321,0.08367590786361201,5.951227636583395,0.8193440982874302,0.6066431342939704,0.7383616253497824
TUPY3,m1,156,0.021471900839597328,1.0001807436440704,0.05768925565273866,3.975733689518377,16.759726812478927,0.07985258056333933,9.77372725420075,0.4605643568909883,6.274894819259394,0.04339342228439047
TUPY3,m2,156,0.012482586746743851,0.9972655248207256,0.02000790174139963,3.6240071949857726,13.594313485645518,0.19231316175920832,6.564596731923035,0.7658104257875084,2.5414105854955023,0.2806336231039226
TUPY3,m3,156,-0.002431886936954503,0.9436577185332766,0.7736388085187262,6.992522511614895,21.939650594205535,0.015415011836080406,11.39499762774467,0.32758303088604834,119.17297619458922,0
TUPY3,m4,156,0.025035963834491446,0.9984681730677404,0.1396047221915253,4.466649695863131,15.679838573641812,0.10917153301905802,12.540443095089465,0.2505124614054517,14.488625087352673,7.142249825298208e-4
UCAS3,m1,156,-0.011893196919108236,0.998215329849487,-0.17594467389086607,3.7096321185877046,4.716632710473082,0.9092858891849708,4.78246024236337,0.9052280084025219,4.078125069287933,0.13015066544532328
UCAS3,m2,156,-0.013776324545930845,0.998273581033206,-0.1513896085721252,3.623551980322368,4.808532559012516,0.9035956215033919,4.663924764512127,0.9124688076559359,3.123200122239805,0.20980010949465644
UCAS3,m3,156,-2.551332010077547e-4,0.9915941496568497,-0.346077829505019,4.420294778722393,4.164061080346997,0.939642509695569,3.87990558784437,0.952602044256731,16.226058645977147,2.996098819694204e-4
UCAS3,m4,156,-2.543860969142907e-4,0.9910557942441998,-0.346263147744047,4.419896117294111,4.167196407276289,0.9394893695461968,3.8800555582000618,0.952595684575769,16.22203475002079,3.0021328827323224e-4
UGPA3,m1,156,0.014171308317356668,1.0053248096727019,0.24098324640676994,3.5114959665613625,14.863136566301524,0.13713189451983432,3.7190966407938233,0.9591306048060099,3.2104788560229194,0.2008414620811918
UGPA3,m2,156,-0.028037923406125573,1.0146959630896615,0.32202959993945374,3.486908735724685,13.649051472693554,0.1896095707997738,3.066208722519914,0.9798226931912521,4.237300404178864,0.12019375634811535
UGPA3,m3,156,-4.380598116260012e-4,0.9863399570697681,0.2824926220938946,3.492459600251871,13.02434720857592,0.22231372259672655,2.9215658691048434,0.9832100336143271,3.6512110961960946,0.1611200486443649
UGPA3,m4,156,-4.2376322215011115e-4,0.9855846575964807,0.28296132758402726,3.4927444695881955,13.041305984964888,0.22137151739886662,2.9217713336743176,0.9832055101907214,3.659926165624384,0.1604194899022947
UNIP3,m1,156,-0.014804609225205935,1.0204880136535366,0.5395742411549126,3.6267732898395844,9.853182019205915,0.45346730409082925,3.780465011732275,0.9567075967845863,10.123140324231558,0.006335603773866105
UNIP3,m2,156,1094296005.2059774,9901913955.067263,6.665407004401394,57.571466800367254,7.647240645138181,0.6632500472048355,2.369949815889997,0.9926383977858877,20512.411340725706,0
UNIP3,m3,156,0.001939562952819091,0.9665839462674048,0.5607684276042635,3.8725534216431505,8.00320012282371,0.6285243363116738,4.0403850414359335,0.9455067491651733,13.124763542879318,0.0014125174070567237
UNIP3,m4,156,0.0050328207177380456,0.9419233658093109,0.505493565264415,3.7712924403615866,8.128636939950407,0.6162733889308097,4.155169423585651,0.9400756066363929,10.51041554325002,0.0052202615570673405
UNIP5,m1,156,0.0010319339140820423,1.0022199656980313,0.5017151640545159,4.800956793131356,18.271031812524647,0.05056023188045067,2.872246515858933,0.9842725896943804,27.627065661617337,1.0019796841120865e-6
UNIP5,m2,156,0.029816105795982265,1.0014590432459058,0.5039540609333625,4.884491810982178,17.99664870197424,0.05502019944586278,3.144808581783926,0.9778077540091367,29.686723090594636,3.5777499796108003e-7
UNIP5,m3,156,0.002222664903757272,0.9420072169995258,0.1571789701986517,5.098181717050991,25.734563488557466,0.00411407103309791,14.887234302308434,0.1362274967739301,29.25771831097625,4.433709069884273e-7
UNIP5,m4,156,0.0023076572663115794,0.9413653897209259,0.15637574763560907,5.096718779365752,25.759652238845042,0.004077248007680834,14.858702752403401,0.1372988463929946,29.21128039400608,4.537859631392749e-7
UNIP6,m1,156,-0.01842911097739322,0.9844536888800383,0.5511680811874085,3.72629681209055,12.834806845867389,0.233055195775975,6.363135772058691,0.7838875134294047,11.327238481858872,0.0034699356116033586
UNIP6,m2,156,-0.007545390495053637,0.9938571287061351,0.46004621047955263,3.2854194878061516,13.614751477260052,0.19130012559677756,5.959544530154408,0.8186506024641894,6.032223256318442,0.04899134504736169
UNIP6,m3,156,0.0020402237687504143,0.9602927272619508,0.45705530176428383,3.460706726612196,13.86808417433535,0.17909418318429604,7.136650596666799,0.712484401166148,6.811017742289066,0.03318992638817053
UNIP6,m4,156,0.0021252888040841625,0.9596771536577389,0.457178110132431,3.460650324056134,13.861739602508726,0.17939202262596465,7.122880599246199,0.7137955876428794,6.813599120835431,0.033147116139510935
USIM3,m1,156,-0.019239344625048584,1.0129920617730623,-0.5138940375884841,5.117587694847353,5.479173666943868,0.8569610689990054,1.6936457650137149,0.9981947157689465,36.01341882349188,1.5128137520470375e-8
USIM3,m2,156,-0.02329089370466269,1.0127632302977128,-0.465957060286322,4.927555445772826,5.623980390147582,0.8458039373311972,1.3707919188984112,0.9992845549229077,29.7955705102325,3.3882392658224347e-7
USIM3,m3,156,-5.072171714379609e-5,0.9888324975333423,-0.8194684045314415,6.954457763300819,5.077245245524088,0.8859585396217625,1.8104106692493185,0.9975975017647165,119.10502542790361,0
USIM3,m4,156,-5.277423036244084e-5,0.988847509003397,-0.8194688952755749,6.954471544382689,5.077211529039766,0.8859608436177898,1.8104179554803388,0.9975974605428986,119.10575479808911,0
USIM5,m1,156,0.007698322616843759,0.9942191077650363,0.037353176865595666,3.4464746098473684,10.902489922752938,0.36516528277161076,9.266847192087154,0.5069800120204117,1.331984007420111,0.513763619416437
USIM5,m2,156,-0.011961520871618203,1.0592836533841288,-0.22975698786394957,3.8761934611434965,8.897445812327556,0.5418632874292868,6.1914129026182465,0.7989332838732064,6.362642489059221,0.04153074658362421
USIM5,m3,156,-1.7998636671854389e-4,0.9886662414412362,-0.9006474140040049,7.888872251201782,4.019244168309501,0.9464746677155417,1.5011980318654354,0.9989315870181189,176.44727714886477,0
USIM5,m4,156,-1.8595638419665694e-4,0.9886669875795955,-0.9006464100450586,7.888869352695205,4.0192484965100315,0.9464744705838728,1.5012041801943872,0.9989315678239329,176.44704591429928,0
VALE3,m1,156,0.027020597794153778,1.0201010171397344,-0.052384286385797126,3.381696109269609,10.87124344074934,0.36763699654859705,7.694403282076381,0.6586590827678214,1.018344428869003,0.6009928661798085
VALE3,m2,156,-0.0016036422014032831,1.0083864015078787,0.048912171744601086,3.3799084884028536,12.392752028293955,0.2596304702875628,6.100542833403685,0.8067464857604947,1.0003504013076248,0.6064244044527618
VALE3,m3,156,-6.247156844140612e-4,1.0149487806084063,-0.06562802370720054,3.8273447035647306,10.675385603200922,0.3833612176605943,8.257471408797844,0.6037033335233425,4.5612281552465115,0.10222141555427766
VALE3,m4,156,-6.326315659302881e-4,1.0149493812192671,-0.06563202234272168,3.8273523820356017,10.675368107866932,0.38336263987557195,8.257464790144265,0.6037039787460364,4.5613243876665805,0.10221649716550496
VAMO3,m1,156,0.030418661196691326,0.998847510296764,0.18817406892612204,3.0767987097874765,9.811291517199653,0.45720255287190437,7.046507105181962,0.7210472253380433,0.9589837574841718,0.6190978886960727
VAMO3,m2,156,0.028843407414822244,0.9994269848788819,0.21437239182890655,2.976127043604659,8.830308176201278,0.5482802471927356,7.7320462496125915,0.6549916734049968,1.1985480491454523,0.5492102045139671
VAMO3,m3,156,3.1219183340303616e-4,0.9685248099307057,0.3240985821178934,3.326394821047188,10.530166731517157,0.395272781704466,6.759549581697657,0.7479332007816544,3.4235054290433213,0.1805490641642924
VAMO3,m4,156,3.308681771734582e-4,0.9678354258692313,0.324162205248069,3.327303660261414,10.521624666739633,0.3959800246941745,6.73815482122621,0.749911858102893,3.428439477226946,0.18010419425127244
VBBR3,m1,156,0.0022711052462528686,1.0167949413882074,0.36715260878843264,3.903977212163265,4.857008601257242,0.9005228862959409,13.579971458230458,0.19302659184882787,8.816463192362011,0.012176692611055917
VBBR3,m2,156,0.01658922098441292,1.0296450339827785,0.26498962582112356,3.535925318525963,5.911633821890836,0.8226319165005018,12.114493995061242,0.27746694397614036,3.692610702354804,0.15781917692536984
VBBR3,m3,156,6.331678323541047e-4,1.0447942123141127,0.35263153081638243,3.7446370495479555,4.479361326970847,0.9231426978084936,12.265750207657469,0.26766450997055413,6.837222090810192,0.03275790259478395
VBBR3,m4,156,6.2461461747049e-4,1.0447930107875074,0.3526318039812653,3.744640451878947,4.479359534999169,0.9231427978437753,12.265774460706789,0.26766295863101197,6.837260035390256,0.0327572811082506
VIVA3,m1,156,-0.01258495281641431,1.002356532526887,-0.5291886242160673,3.7986621289788842,9.093433294687713,0.5232600058489829,7.161013412140542,0.7101618960841531,11.427153375715095,0.0033008453129993454
VIVA3,m2,156,-0.01591091939665557,1.0022006987652312,-0.5017202908960776,3.6859432311906737,9.236084835991665,0.5098545600164702,6.679954942268541,0.7552741271796405,9.603172264423922,0.008216703928920266
VIVA3,m3,156,-8.288329632666241e-4,0.948807908387037,-0.7671782794177797,5.062545470808064,9.140908548365044,0.5187851799782046,4.605194343396628,0.9159453742131437,42.95423514715166,4.70550598485886e-10
VIVA3,m4,156,-8.393521779918926e-4,0.9478445779280112,-0.7662224583392153,5.060147766015968,9.124524052205674,0.5203280430242073,4.567952642588336,0.9181113751373811,42.85187556308199,4.952602772334558e-10
VIVR3,m1,156,0.02328199181485291,1.0067933943823,0.917396288415899,10.117002497631423,2.937193302801157,0.982863676906111,2.744410315221585,0.9868157052909636,351.1182242833785,0
VIVR3,m2,156,-0.17911974007366688,1.077042596938289,0.6405123593602676,5.798918715926109,5.994675428855893,0.8157103933072594,8.458848231937052,0.5841104695002284,61.587307004174086,4.2299497238218464e-14
VIVR3,m3,156,-5.675615185711925e-4,0.9875314086859476,1.127300580793338,10.298104080169233,2.1019203713671213,0.9954976240762562,3.0746991521735767,0.979611033343081,379.2460721582706,0
VIVR3,m4,156,-6.203552186237387e-4,0.9863935860813413,1.1246652675540472,10.271070325690102,2.101830734535494,0.9954984204864237,3.0793822242447773,0.9794936701901611,376.53168499245544,0
VIVT3,m1,156,0.04666190048269279,0.9946482163744631,-0.2200801548111412,3.9114901206981907,11.901581746207272,0.29169728863204636,2.117047776079234,0.9953617789965403,6.659609698931723,0.03580009079283952
VIVT3,m2,156,0.03707874790630502,0.9972164127753956,-0.27056868574749027,3.848615934613916,11.738081120969653,0.3029681815801546,2.2339291698554176,0.994212451044634,6.584361285509461,0.03717270056990085
VIVT3,m3,156,7.10932131695287e-4,0.9445469902070064,-0.0243186788055354,4.743587184689517,13.737196937364416,0.18531986135779321,3.297549403423808,0.9735296362063306,19.776002110597865,5.078035172323414e-5
VIVT3,m4,156,7.674235299517048e-4,0.9437841124939839,-0.027644407341976044,4.7371827787772265,13.723822885808497,0.18596567343891768,3.3054303568386723,0.9732956726791736,19.635595589410578,5.4473413843347807e-5
VLID3,m1,156,0.03166099399259361,1.083471256465932,0.6009703035043432,3.6086882485999703,6.510227744289208,0.7707311400346822,6.253386818344284,0.7935444268936861,11.798556943940707,0.002741422118243464
VLID3,m2,156,0.014350509935521057,1.0036624626159931,0.6924029045096416,4.008015577278632,10.08412521275688,0.4331439726443026,11.270836049354273,0.3368104135746752,19.069586462744528,7.22922785862945e-5
VLID3,m3,156,0.012581793348829268,1.0785943449986535,0.7721246456115449,4.2250607500718,11.682953686669011,0.3068354483162604,9.402927754074444,0.4943381078392308,25.25561814626173,3.279534477873547e-6
VLID3,m4,156,0.012581570976669287,1.0785939279490764,0.7721250682358297,4.225061690860159,11.682958277212984,0.30683512487737197,9.402926928275166,0.49433818417812603,25.255650097638245,3.279482085449814e-6
VSTE3,m1,156,0.01877349699282592,1.0321596036556469,0.31137725041255676,6.991708947157299,8.225193612243526,0.6068507099272127,4.3051963012566254,0.9325305638555215,106.09016266623821,0
VSTE3,m2,156,-0.09364344533881473,1.0952191526817383,0.6243510404926285,8.82235023623736,7.336315779304442,0.69335876472671365,16.192517763466554,0.09425238855492268,230.48362454305604,0
VSTE3,m3,156,-0.016038650891800562,1.0310538187978424,0.5666431945179654,6.915942064424315,7.311395596706172,0.6957564558927385,4.712646455945944,0.9095286769535249,108.02311189476212,0
VSTE3,m4,156,-0.01602899658911806,1.0308335034106342,0.5668377248193323,6.916442686597325,7.311707357924722,0.6957264769848472,4.712139655028099,0.9095595201266361,108.0543317263482,0
VULC3,m1,156,-0.002713409602406223,1.0033551132482734,0.7444723169268015,4.5556534859326145,7.69537370511289,0.6585645711072046,1.8878788128580153,0.9971294626113978,30.140590291342278,2.8513726368917247e-7
VULC3,m2,156,0.01000804931736042,1.0266238742322336,0.4166774604726143,3.3945983952789907,7.795736972273577,0.6487812627971556,6.25494596590522,0.7934082420598201,5.52622406583249,0.06309510845793864
VULC3,m3,156,6.641561734811645e-4,1.0186813177576874,0.743418170875148,4.553274042775789,7.6657534953898745,0.6614485030261725,2.3164910960083276,0.9932887127504284,30.051726634217903,2.9809210611020376e-7
VULC3,m4,156,6.651217100448056e-4,1.0186851874317355,0.7434178489297067,4.553277761870256,7.665770905710201,0.6614468084238335,2.3164909024877915,0.9932887150290315,30.051789286673454,2.9808276824638824e-7
WEGE3,m1,156,-0.026923914610675795,1.0046616438312301,-0.14288246243409417,3.606573831708632,7.33334964376845,0.6936442948461309,4.8179617336912,0.903001764790589,2.9223571363909873,0.23196272966993958
WEGE3,m2,156,-0.008408488858407205,0.9889206889920481,-0.19818159353501297,3.771373017552433,4.878027981456237,0.8991754123850761,4.168153195942202,0.9394425926917412,4.888780703769649,0.08677902344647315
WEGE3,m3,156,3.5754271636463685e-4,0.9527894911128403,-0.4057659123951969,4.286245996100364,6.387055650855202,0.7817642235155435,6.356283372616717,0.7844945811309321,15.034582323356988,5.436031061440971e-4
WEGE3,m4,156,3.51788126404124e-4,0.9519252849450202,-0.4049351073913598,4.281401914352437,6.383850712872029,0.7820490902612052,6.361401979873471,0.7840411642059626,14.93622410083896,5.710053091191325e-4
WHRL3,m1,156,0.003896354693590332,0.9950930743294518,0.5252230180749045,4.15432399173393,3.3989530481965513,0.9704184616967249,4.6019767505794436,0.9161336952451804,15.833354892910087,3.646117582715158e-4
WHRL3,m2,156,0.0038865691441687077,0.9950948632366583,0.5252204991217675,4.154327067727147,3.398950766768441,0.9704185341657832,4.602116626237008,0.9161255131738492,15.833332255509792,3.6461588522596067e-4
WHRL3,m3,156,6.238017138460576e-6,0.9801632476122151,0.6278292037035621,4.479324690804331,6.468797180281838,0.7744604257083327,4.911151748376742,0.8970335294800948,24.473017249950914,4.850112657273087e-6
WHRL3,m4,156,2.2853064891437997e-5,0.9801644927078489,0.6278294719633287,4.4793263855062415,6.468787731122143,0.7744612741937932,4.910977330012698,0.8970448667748994,24.473058599066825,4.850012384371993e-6
WHRL4,m1,156,0.005647890304022253,0.9892725733614575,0.7815697806018483,5.860542641520848,8.772328968173426,0.5538382269786403,2.564677568721181,0.9898993150621138,69.06971169643455,9.992007221626409e-16
WHRL4,m2,156,0.02205007119115367,1.0004281637922445,0.49621098347014764,5.346946019644313,13.408240215268656,0.20173356253297448,6.782020632750239,0.7458508194562391,42.20487036733453,6.844297351094042e-10
WHRL4,m3,156,1.6428732115638604e-4,0.9373841828634055,0.32295611517036316,5.637431165838477,11.912699797285606,0.29094168397118825,20.03117215388143,0.028959226699131535,47.92609746495894,3.917244306705925e-11
WHRL4,m4,156,1.7204152664202434e-4,0.9367367073620652,0.3231828984640347,5.636197231799167,11.90393908191839,0.29153696431471876,19.868432839524026,0.030521939838641154,47.8876098244963,3.993350095043979e-11
WIZC3,m1,156,0.02938288050714681,1.010545240596499,-0.2040020391521655,3.885415894756492,18.79825789619647,0.04290121063426833,4.983783679511589,0.8922586461127127,6.17778612490264,0.04555235011379588
WIZC3,m2,156,0.033247955003711395,1.0119681826360634,-0.2253766210110875,3.7547894223683467,18.187550967463217,0.05188114071385086,4.957365098666246,0.8940077966553434,5.0237561225321805,0.08111575574010721
WIZC3,m3,156,-0.0010268045232444466,1.0348528456862018,-0.08566504353130443,3.8701184983841848,17.308374464002345,0.06781290671114859,5.598992963949973,0.8477544657213671,5.111991299761003,0.07761491630183204
WIZC3,m4,156,-0.0010176402831221854,1.034429405496103,-0.08589425504499791,3.870615817783167,17.310079971004225,0.06777815693012468,5.597971990201729,0.8478339423842499,5.118640763425734,0.07735729601542818
WLMM4,m1,156,0.029087367532445965,0.9995733627844546,-0.4465863475263938,4.502226079401781,6.963623940859195,0.7288745573133733,4.176360078959947,0.9390405177211111,19.8538642693476,4.884140534466841e-5
WLMM4,m2,156,0.05984296846568508,0.9982937736553708,-0.4583739810556571,4.3147910728872265,5.755666447575078,0.835356291677918,4.2508517158166725,0.9353218557396231,16.69916554396476,2.3649517025814415e-4
WLMM4,m3,156,0.00362506118401048,1.0753363498689599,0.4569572515898215,6.1596533462347125,16.203404341463227,0.09395588553370349,6.041350665710731,0.811777251580924,70.321218418713,5.551115123125783e-16
WLMM4,m4,156,0.003625200781648026,1.0753363805352842,0.45695722801943034,6.159653176161079,16.20340400685816,0.09395589463434162,6.041351693943684,0.8117771646040319,70.32121087278041,5.551115123125783e-16
YDUQ3,m1,156,0.00622226969398122,1.0029337276432386,0.12165590176611897,3.4505272999063057,11.731504210315796,0.3034277863758197,2.631552454382975,0.9888168813326912,1.7041406310433431,0.42653096354341324
YDUQ3,m2,156,0.00284524496224951,1.009343057671568,0.09767915644590659,3.0906900727905535,12.708827815983739,0.2404102506554704,3.423935083010644,0.969618194217331,0.3015321381714946,0.8600488671463176
YDUQ3,m3,156,0.0033801307179420715,1.043346226129473,0.29387631309377266,4.04032136894524,14.3107123947752,0.15928494537390392,3.940716138428977,0.9499817477850961,9.280191051783957,0.009656775111420268
YDUQ3,m4,156,0.0033817711567154856,1.0433467518408914,0.2938760690066057,4.040320550824963,14.310709870490458,0.15928505299329865,3.9407249857025115,0.9499813604969566,9.280176257351059,0.009656846544940145
